ym,mom_SHY,mom_IEI,mom_IEF,mom_TLT,s_SHY,s_IEI,s_IEF,s_TLT,mbar,cash_z
2007-10,0.01274,0.016273,0.009939,0.005323,0.18264,0.56866,-0.123501,-0.627799,0.011069,0.0
2007-11,0.028683,0.045756,0.040524,0.032927,-0.922931,0.977889,0.395391,-0.450349,0.036972,0.0
2007-12,0.03251,0.055658,0.055724,0.05806,-1.97719,0.568608,0.575866,0.832716,0.050488,0.0
2008-01,0.051808,0.090459,0.096708,0.092782,-2.282061,0.473517,1.101543,0.707001,0.082939,0.0
2008-02,0.056844,0.093085,0.088598,0.061528,-1.741702,1.73229,1.302105,-1.292693,0.075014,0.0
2008-03,0.056367,0.096917,0.104348,0.090961,-2.195759,0.687492,1.359293,0.148974,0.087148,0.0
2008-04,0.044304,0.070647,0.078361,0.063523,-1.784583,0.577218,1.268865,-0.0615,0.064209,0.0
2008-05,0.044144,0.070352,0.078049,0.061407,-1.721639,0.610902,1.295959,-0.185223,0.063488,0.0
2008-06,0.044266,0.07734,0.09556,0.09653,-2.215865,-0.306724,1.220631,1.301958,0.078424,0.0
2008-07,0.041103,0.068431,0.077438,0.066914,-1.862515,0.412954,1.162921,0.286641,0.063471,0.0
2008-08,0.037453,0.061321,0.073583,0.07385,-1.983326,-0.018964,0.990185,1.012105,0.061552,0.0
2008-09,0.041465,0.066915,0.077227,0.083229,-2.021501,-0.045325,0.79025,1.276576,0.067209,0.0
2008-10,0.050299,0.073503,0.057164,0.032732,-0.251164,1.61341,0.300502,-1.662748,0.053425,0.0
2008-11,0.044942,0.08233,0.110787,0.133285,-2.134224,-0.891825,1.160272,1.865776,0.092836,0.0
2008-12,0.050806,0.103749,0.17879,0.241186,-1.947111,-1.947111,1.841334,2.052889,0.143633,0.0
2009-01,0.030917,0.061428,0.095748,0.111078,-2.043136,-0.704907,0.9945,1.753543,0.074793,0.0
2009-02,0.019951,0.040469,0.071942,0.098311,-1.8291,-0.834083,0.692217,1.970966,0.057668,0.0
2009-03,0.023908,0.054786,0.093116,0.142327,-1.895192,-0.981348,0.771731,2.104808,0.078534,0.0
2009-04,0.035255,0.064796,0.081612,0.101283,-1.616706,-0.270685,0.495535,1.391856,0.070737,0.0
2009-05,0.042143,0.067345,0.079816,0.102241,-1.4013,-0.252549,0.315856,1.337993,0.072886,0.0
2009-06,0.037822,0.055378,0.070038,0.089204,-1.157324,-0.353893,0.317048,1.194169,0.06311,0.0
2009-07,0.035454,0.05248,0.071917,0.096901,-1.313131,-0.535032,0.353192,1.494971,0.064188,0.0
2009-08,0.035599,0.052793,0.069687,0.097126,-1.287372,-0.50251,0.268668,1.521214,0.063801,0.0
2009-09,0.029121,0.051731,0.079893,0.109273,-1.730358,-0.711093,0.558498,1.882953,0.067504,0.0
2009-10,0.021254,0.043478,0.084754,0.126469,-1.893506,-1.008583,0.795596,2.106494,0.068989,0.0
2009-11,0.014547,0.016353,0.008734,-0.001076,0.217194,0.29713,-0.040079,-0.474245,0.009639,0.0
2009-12,0.000208,-0.033442,-0.104284,-0.165091,1.861951,1.5785,-1.302402,-2.138049,-0.075652,1.0
2010-01,0.010459,-0.001763,-0.03107,-0.025605,0.919296,0.418886,-0.780972,-0.55721,-0.011995,0.201579
2010-02,0.011876,0.007289,-0.015774,-0.011239,0.572055,0.382441,-0.570978,-0.383518,-0.001962,0.033393
2010-03,0.003917,-0.019299,-0.061113,-0.082682,1.7859,0.837391,-0.87103,-1.75226,-0.039794,0.681796
2010-04,0.007099,0.003659,-0.009369,0.009667,0.179059,0.036964,-0.501175,0.285152,0.002764,0.0
2010-05,0.01149,0.034585,0.049176,0.08392,-1.372773,-0.420784,0.180699,1.612859,0.044793,0.0
2010-06,0.018066,0.058466,0.083269,0.121692,-2.010031,-0.493159,0.513221,1.989969,0.070373,0.0
2010-07,0.019243,0.066478,0.084557,0.1199,-2.033804,-0.276839,0.4474,1.863243,0.072545,0.0
2010-08,0.017214,0.072185,0.115402,0.173802,-1.983583,-0.844262,0.811428,2.016417,0.094651,0.0
2010-09,0.017405,0.070451,0.101755,0.134994,-2.093132,-0.495633,0.681897,1.906868,0.081151,0.0
2010-10,0.017551,0.07441,0.100759,0.120613,-2.065027,-0.210895,0.76883,1.507092,0.078333,0.0
2010-11,0.010277,0.044789,0.067463,0.081515,-1.514612,-0.231338,0.611724,1.134226,0.051011,0.0
2010-12,0.016094,0.050293,0.078275,0.102838,-1.694785,-0.428762,0.607119,1.516427,0.061875,0.0
2011-01,0.009863,0.036098,0.049365,0.049379,-0.980305,-0.002926,0.491367,0.491863,0.036176,0.0
2011-02,0.007225,0.025341,0.047466,0.062626,-1.063417,-0.386032,0.441276,1.008173,0.035665,0.0
2011-03,0.009077,0.031673,0.062045,0.076709,-1.339025,-0.493863,0.642193,1.190694,0.044876,0.0
2011-04,0.011736,0.038651,0.062021,0.070267,-1.272493,-0.263168,0.613228,0.922432,0.045669,0.0
2011-05,0.010557,0.036634,0.052811,0.061075,-1.119073,-0.136921,0.472378,0.783615,0.040269,0.0
2011-06,0.007405,0.017792,0.012393,-0.006742,-0.011655,0.382661,0.17771,-0.548716,0.007712,0.0
2011-07,0.007997,0.028554,0.041283,0.038314,-0.804115,-0.018459,0.468005,0.354569,0.029037,0.0
2011-08,0.009481,0.034362,0.052411,0.048892,-1.029637,-0.073929,0.619366,0.4842,0.036287,0.0
2011-09,0.007365,0.031256,0.085662,0.152294,-1.800751,-1.213765,0.815268,2.199249,0.069144,0.0
2011-10,0.005747,0.024812,0.07165,0.153767,-1.714363,-1.134397,0.563122,2.285637,0.063994,0.0
2011-11,0.007951,0.040625,0.095043,0.193834,-1.713168,-1.231153,0.657488,2.286832,0.084363,0.0
2011-12,0.011093,0.072249,0.153236,0.268824,-1.781192,-1.521018,1.083401,2.218808,0.12635,0.0
2012-01,0.010879,0.074388,0.167695,0.291075,-1.777192,-1.611765,1.166149,2.222808,0.136009,0.0
2012-02,0.011241,0.074112,0.152898,0.25753,-1.851928,-1.265452,0.969309,2.148072,0.123945,0.0
2012-03,0.012555,0.070035,0.133655,0.221288,-1.896107,-0.980702,0.772915,2.103893,0.109383,0.0
2012-04,0.009605,0.067011,0.145287,0.242714,-1.866883,-1.174562,0.908328,2.133117,0.116154,0.0
2012-05,0.00609,0.059515,0.154133,0.28193,-1.764251,-1.435446,0.963949,2.235749,0.125417,0.0
2012-06,0.004736,0.060027,0.156629,0.287554,-1.770806,-1.400113,0.941725,2.229194,0.127237,0.0
2012-07,0.004789,0.045255,0.138946,0.268796,-1.738559,-1.357608,0.834726,2.261441,0.114446,0.0
2012-08,0.00168,0.02612,0.079722,0.169598,-1.486041,-0.919279,0.323735,2.081585,0.06928,0.0
2012-09,0.002435,0.024279,0.043688,0.066617,-0.741534,-0.232491,0.219837,0.754188,0.034255,0.0
2012-10,0.000957,0.020486,0.059353,0.094802,-1.002773,-0.546742,0.360867,1.188647,0.0439,0.0
2012-11,0.001912,0.024125,0.060005,0.090298,-0.987357,-0.467301,0.372711,1.081947,0.044085,0.0
2012-12,0.001854,0.012029,0.027729,0.032266,-0.391438,-0.151733,0.218138,0.325033,0.018469,0.0
2013-01,0.000832,-0.001782,0.000521,-0.002784,0.038785,-0.023213,0.031409,-0.046981,-0.000803,0.011982
2013-02,0.002858,0.011548,0.026013,0.031127,-0.35863,-0.15125,0.193922,0.315958,0.017887,0.0
2013-03,0.003389,0.019702,0.050025,0.071453,-0.784691,-0.393874,0.33259,0.845974,0.036142,0.0
2013-04,0.002725,0.013138,0.039973,0.064312,-0.65716,-0.406603,0.239069,0.824693,0.030037,0.0
2013-05,0.001131,-0.012276,-0.034505,-0.078402,0.77574,0.45219,-0.084276,-1.143655,-0.031013,0.472385
2013-06,0.001181,-0.026803,-0.058305,-0.099957,1.139205,0.4631,-0.297998,-1.304306,-0.045971,0.702466
2013-07,0.00025,-0.030644,-0.079358,-0.143974,1.531644,0.788599,-0.383059,-1.937184,-0.063432,0.969638
2013-08,-0.001417,-0.04191,-0.088479,-0.147412,1.637752,0.668029,-0.447215,-1.858567,-0.069804,1.0
2013-09,0.000169,-0.028454,-0.06784,-0.118668,1.288931,0.60403,-0.338375,-1.554586,-0.053698,0.821779
2013-10,0.002112,-0.018984,-0.054404,-0.099875,1.075284,0.570055,-0.278195,-1.367144,-0.042788,0.657044
2013-11,0.00178,-0.026733,-0.078478,-0.143269,1.513008,0.833148,-0.400648,-1.945509,-0.061675,0.94765
2013-12,-0.000169,-0.038806,-0.087765,-0.140984,1.586451,0.668329,-0.495072,-1.759708,-0.066931,1.0
2014-01,0.001118,-0.017672,-0.032824,-0.048335,0.609903,0.1613,-0.200433,-0.57077,-0.024428,0.377086
2014-02,0.001019,-0.023467,-0.043162,-0.054299,0.743169,0.156091,-0.316118,-0.583142,-0.029977,0.464823
2014-03,-0.001053,-0.033294,-0.050376,-0.053749,0.808186,0.03187,-0.379427,-0.46063,-0.034618,0.538942
2014-04,-0.001078,-0.034984,-0.05998,-0.074519,1.003807,0.1849,-0.418781,-0.769926,-0.04264,0.665907
2014-05,0.001695,-0.008959,-0.001263,0.020444,-0.031186,-0.289816,-0.102993,0.423996,0.002979,0.0
2014-06,0.000959,0.004942,0.02625,0.055643,-0.51156,-0.414487,0.104839,0.821208,0.021949,0.0
2014-07,-0.001137,-0.003,0.028881,0.074415,-0.633327,-0.678832,0.099934,1.212225,0.02479,0.0
2014-08,0.001641,0.015025,0.064882,0.127865,-1.235713,-0.909585,0.305283,1.840014,0.052353,0.0
2014-09,-0.001465,-0.003185,0.037346,0.097659,-0.829819,-0.871723,0.115918,1.585624,0.032589,0.0
2014-10,-6.5e-05,0.000936,0.046179,0.111558,-0.966655,-0.942302,0.158853,1.750104,0.039652,0.0
2014-11,0.000117,0.01035,0.076863,0.170483,-1.412586,-1.165716,0.438837,2.139465,0.064453,0.0
2014-12,-0.001668,0.02095,0.102158,0.218538,-1.72194,-1.241368,0.685248,2.27806,0.084995,0.0
2015-01,0.001779,0.031162,0.114094,0.234195,-1.735697,-1.230774,0.702168,2.264303,0.095307,0.0
2015-02,-0.001487,0.016505,0.083528,0.173471,-1.497383,-1.08127,0.468846,2.109807,0.068004,0.0
2015-03,0.002366,0.033277,0.094523,0.183881,-1.643012,-0.933591,0.472032,2.10457,0.078512,0.0
2015-04,0.001688,0.028198,0.078746,0.141655,-1.393892,-0.786954,0.370299,1.810548,0.062572,0.0
2015-05,0.000247,0.017926,0.055233,0.094091,-0.954498,-0.549129,0.306312,1.197315,0.041874,0.0
2015-06,0.001865,0.015041,0.038962,0.067843,-0.668546,-0.365465,0.184818,0.849193,0.030928,0.0
2015-07,0.002629,0.026062,0.056618,0.100273,-1.008201,-0.468405,0.235481,1.241125,0.046395,0.0
2015-08,0.000323,0.019619,0.034977,0.05876,-0.649563,-0.203463,0.151601,0.701425,0.02842,0.0
2015-09,0.004468,0.034836,0.063256,0.101376,-1.076989,-0.373869,0.284126,1.166733,0.050984,0.0
2015-10,0.000765,0.019661,0.038868,0.065794,-0.708593,-0.269693,0.176431,0.801855,0.031272,0.0
2015-11,-0.003438,0.007063,0.018987,0.026826,-0.368499,-0.123552,0.154595,0.337455,0.01236,0.0
2015-12,-0.001614,0.009435,0.01261,-0.003057,-0.139597,0.11931,0.193692,-0.173405,0.004343,0.0
2016-01,0.000577,0.007407,-0.00246,-0.024072,0.122688,0.283377,0.051219,-0.457283,-0.004637,0.075373
2016-02,0.003339,0.027952,0.044648,0.057159,-0.706795,-0.12568,0.26854,0.563935,0.033275,0.0
2016-03,0.002807,0.021682,0.035094,0.043971,-0.547078,-0.099697,0.218184,0.428592,0.025889,0.0
2016-04,0.002403,0.020904,0.04016,0.062333,-0.690654,-0.250751,0.2071,0.734306,0.03145,0.0
2016-05,0.001004,0.01915,0.04517,0.088449,-0.891716,-0.459515,0.160222,1.191009,0.038443,0.0
2016-06,0.007299,0.04298,0.09745,0.179725,-1.686125,-0.841353,0.448245,2.079233,0.081863,0.0
2016-07,0.00585,0.036968,0.085908,0.158021,-1.543928,-0.809871,0.344642,2.009158,0.071687,0.0
2016-08,0.004497,0.028632,0.074958,0.141914,-1.365262,-0.797181,0.293235,1.869208,0.0625,0.0
2016-09,0.002948,0.022367,0.058891,0.105958,-1.050249,-0.592906,0.267306,1.37585,0.047541,0.0
2016-10,0.003214,0.020928,0.045388,0.07295,-0.765202,-0.346926,0.230659,0.881469,0.03562,0.0
2016-11,0.001913,0.002016,0.002451,0.008261,-0.041426,-0.038988,-0.028666,0.10908,0.00366,0.0
2016-12,0.002433,0.002448,0.000652,0.005146,-0.005624,-0.005283,-0.048046,0.058953,0.00267,0.0
2017-01,-0.003488,-0.01701,-0.02935,-0.042687,0.469413,0.146319,-0.148528,-0.467204,-0.023134,0.384957
2017-02,-0.003483,-0.021538,-0.039391,-0.057602,0.647644,0.214885,-0.213009,-0.64952,-0.030503,0.509124
2017-03,-0.005258,-0.023528,-0.038929,-0.064907,0.670607,0.231428,-0.138775,-0.76326,-0.033155,0.554931
2017-04,-0.004671,-0.014295,-0.024539,-0.041412,0.399449,0.167284,-0.07984,-0.486892,-0.021229,0.356553
2017-05,-0.002751,-0.007141,-0.016587,-0.03551,0.308598,0.202311,-0.026378,-0.48453,-0.015497,0.261243
2017-06,-0.010666,-0.031516,-0.058093,-0.098793,0.948,0.442508,-0.201872,-1.188636,-0.049767,0.839923
2017-07,-0.00807,-0.028074,-0.059945,-0.119937,1.113514,0.628612,-0.143947,-1.598179,-0.054006,0.912068
2017-08,-0.005399,-0.013629,-0.032701,-0.070138,0.609142,0.409141,-0.054297,-0.963986,-0.030467,0.515989
2017-09,-0.008867,-0.026635,-0.049612,-0.080198,0.790527,0.357823,-0.201741,-0.946608,-0.041328,0.7013
2017-10,-0.009694,-0.022686,-0.032244,-0.043265,0.422246,0.10474,-0.128823,-0.398163,-0.026972,0.45907
2017-11,-0.008342,-0.004177,0.010915,0.031437,-0.387372,-0.28525,0.084745,0.587877,0.007458,0.0
2017-12,-0.008818,-0.002658,0.019124,0.050744,-0.575523,-0.424134,0.111247,0.88841,0.014598,0.0
2018-01,-0.014042,-0.019535,-0.009498,0.010342,-0.144495,-0.279971,-0.032434,0.4569,-0.008183,0.140802
2018-02,-0.015582,-0.026327,-0.030991,-0.031061,0.25762,-0.008336,-0.123768,-0.125517,-0.02599,0.448515
2018-03,-0.015062,-0.02053,-0.016658,0.003222,-0.069664,-0.205497,-0.109308,0.384469,-0.012257,0.212261
2018-04,-0.019106,-0.03719,-0.045034,-0.035294,0.3751,-0.075613,-0.271123,-0.028364,-0.034156,0.592901
2018-05,-0.017242,-0.03501,-0.042131,-0.031685,0.356997,-0.087361,-0.265441,-0.004195,-0.031517,0.548471
2018-06,-0.017461,-0.0307,-0.035252,-0.030668,0.277543,-0.054697,-0.168949,-0.053897,-0.02852,0.497658
2018-07,-0.02095,-0.038683,-0.045902,-0.04135,0.39713,-0.049392,-0.231177,-0.116562,-0.036721,0.64211
2018-08,-0.019871,-0.040217,-0.053651,-0.059659,0.592997,0.079102,-0.260179,-0.411921,-0.043349,0.759144
2018-09,-0.020633,-0.039064,-0.051585,-0.062021,0.574843,0.107964,-0.209218,-0.473589,-0.043325,0.759855
2018-10,-0.019067,-0.03674,-0.056021,-0.082657,0.750336,0.301661,-0.187866,-0.86413,-0.048621,0.853545
2018-11,-0.014127,-0.024307,-0.040825,-0.06849,0.580578,0.321477,-0.098962,-0.803092,-0.036937,0.649731
2018-12,-0.005838,-0.006399,-0.01513,-0.03143,0.226253,0.211945,-0.010994,-0.427205,-0.014699,0.259392
2019-01,-0.000779,0.011665,0.017322,0.011972,-0.277302,0.041511,0.186423,0.049369,0.010045,0.0
2019-02,-0.00053,0.012646,0.020715,0.023,-0.372341,-0.033711,0.173663,0.232389,0.013957,0.0
2019-03,0.004279,0.021321,0.036908,0.044437,-0.578822,-0.139582,0.262172,0.456232,0.026736,0.0
2019-04,0.007987,0.028802,0.04535,0.049239,-0.642446,-0.104482,0.323211,0.423717,0.032844,0.0
2019-05,0.011836,0.039399,0.067271,0.090401,-1.04535,-0.331989,0.389358,0.98798,0.052227,0.0
2019-06,0.017352,0.048849,0.080707,0.102372,-1.165002,-0.348992,0.476358,1.037637,0.06232,0.0
2019-07,0.016719,0.049633,0.087499,0.119613,-1.337985,-0.485304,0.495668,1.327621,0.068366,0.0
2019-08,0.022715,0.065303,0.126128,0.195654,-1.913285,-0.869899,0.696469,2.086715,0.10245,0.0
2019-09,0.023004,0.065846,0.124859,0.194968,-1.912723,-0.842834,0.668279,2.087277,0.102169,0.0
2019-10,0.025596,0.06871,0.13158,0.209126,-1.890538,-0.908944,0.690021,2.109462,0.108753,0.0
2019-11,0.022021,0.056407,0.110807,0.181123,-1.726637,-0.855808,0.52191,2.060535,0.092589,0.0
2019-12,0.016061,0.037282,0.069861,0.103575,-1.030017,-0.492089,0.333743,1.188363,0.056695,0.0
2020-01,0.020397,0.051448,0.102634,0.167733,-1.627302,-0.842656,0.450791,2.019166,0.085553,0.0
2020-02,0.030837,0.076424,0.146943,0.248079,-1.826315,-1.055672,0.708302,2.173685,0.125571,0.0
2020-03,0.038139,0.088134,0.159758,0.255093,-1.859608,-1.027524,0.74674,2.140392,0.135281,0.0
2020-04,0.038946,0.091338,0.17484,0.292128,-1.801852,-1.21798,0.821683,2.198148,0.149313,0.0
2020-05,0.033722,0.078058,0.141123,0.212639,-1.917443,-0.848766,0.683652,2.082557,0.116385,0.0
2020-06,0.030158,0.070935,0.128125,0.200717,-1.806909,-0.820346,0.563326,2.063929,0.107484,0.0
2020-07,0.0342,0.079125,0.141133,0.237643,-1.845117,-0.899587,0.589821,2.154883,0.123025,0.0
2020-08,0.026121,0.054291,0.077095,0.100151,-0.921381,-0.24358,0.305113,0.859848,0.064414,0.0
2020-09,0.029301,0.062602,0.097411,0.133002,-1.234275,-0.432722,0.405144,1.261852,0.080579,0.0
2020-10,0.027176,0.056159,0.080837,0.109072,-0.991522,-0.292912,0.301924,0.98251,0.068311,0.0
2020-11,0.0286,0.062679,0.09341,0.131686,-1.217689,-0.395856,0.345249,1.268296,0.079094,0.0
2020-12,0.02866,0.06623,0.097993,0.147372,-1.359781,-0.454051,0.311696,1.502136,0.085064,0.0
2021-01,0.02415,0.044049,0.043482,0.039001,-0.32687,0.154204,0.140504,0.032161,0.037671,0.0
2021-02,0.014477,0.00889,-0.022062,-0.088906,0.879493,0.744421,-0.003904,-1.62001,-0.0219,0.35317
2021-03,0.001939,-0.024224,-0.089645,-0.179234,1.657199,1.028011,-0.545263,-2.139947,-0.072791,1.0
2021-04,0.001349,-0.021264,-0.08625,-0.176849,1.590565,1.049499,-0.505424,-2.13464,-0.070753,1.0
2021-05,0.000983,-0.020331,-0.077923,-0.151121,1.474089,0.965536,-0.408606,-2.031019,-0.062098,0.999466
2021-06,-0.001118,-0.024216,-0.064013,-0.120634,1.225264,0.674414,-0.274679,-1.625,-0.052495,0.845601
2021-07,-0.000753,-0.018787,-0.05426,-0.124338,1.162467,0.73272,-0.112617,-1.78257,-0.049534,0.798725
2021-08,-0.000262,-0.018805,-0.042896,-0.080944,0.846286,0.403797,-0.171082,-1.079001,-0.035727,0.577168
2021-09,-0.001947,-0.028561,-0.065585,-0.11355,1.20418,0.569125,-0.314368,-1.458937,-0.052411,0.847368
2021-10,-0.005549,-0.032662,-0.049464,-0.07159,0.819227,0.171038,-0.230644,-0.759621,-0.039816,0.644792
2021-11,-0.005628,-0.031013,-0.041557,-0.059917,0.692422,0.084221,-0.168387,-0.608256,-0.034529,0.560228
2021-12,-0.010064,-0.036136,-0.040785,-0.060506,0.643742,0.017697,-0.093952,-0.567488,-0.036873,0.599316
2022-01,-0.018807,-0.048138,-0.047895,-0.058299,0.589178,-0.116821,-0.110969,-0.361389,-0.043285,0.704508
2022-02,-0.022557,-0.036897,-0.020476,-0.005746,-0.027462,-0.3735,0.022754,0.378209,-0.021419,0.349458
2022-03,-0.037664,-0.061305,-0.036477,-0.021977,0.040931,-0.530938,0.069643,0.420364,-0.039356,0.643117
2022-04,-0.044429,-0.086495,-0.093835,-0.122573,1.027208,0.008183,-0.169614,-0.865777,-0.086833,1.0
2022-05,-0.040117,-0.083806,-0.096494,-0.144509,1.23884,0.179963,-0.127546,-1.291257,-0.091231,1.0
2022-06,-0.044413,-0.088395,-0.119625,-0.188547,1.592897,0.5287,-0.22696,-1.894638,-0.110245,1.0
2022-07,-0.044198,-0.082426,-0.112388,-0.19411,1.52926,0.606169,-0.117303,-2.018126,-0.108281,1.0
2022-08,-0.05444,-0.106236,-0.14843,-0.235272,1.867402,0.621784,-0.39292,-2.096266,-0.136094,1.0
2022-09,-0.06719,-0.130409,-0.184994,-0.283023,1.89607,0.755802,-0.547942,-2.10393,-0.166404,1.0
2022-10,-0.068159,-0.130266,-0.205007,-0.337985,1.790987,1.090709,-0.672682,-2.209013,-0.185354,1.0
2022-11,-0.065018,-0.112801,-0.182637,-0.300938,1.79383,1.02288,-0.610541,-2.20617,-0.165348,1.0
2022-12,-0.061807,-0.116007,-0.192487,-0.3068,1.82587,1.06029,-0.71203,-2.17413,-0.169276,1.0
2023-01,-0.049707,-0.083818,-0.139417,-0.221288,1.641504,0.853575,-0.430708,-2.064371,-0.123558,1.0
2023-02,-0.057119,-0.106164,-0.170889,-0.254215,1.901494,0.842441,-0.645428,-2.098506,-0.147097,1.0
2023-03,-0.027488,-0.048322,-0.092554,-0.163359,1.273091,0.794695,-0.220965,-1.846821,-0.082931,1.0
2023-04,-0.021109,-0.023751,-0.042667,-0.083486,0.497853,0.43707,0.001986,-0.93691,-0.042753,0.62901
2023-05,-0.033649,-0.042299,-0.065847,-0.094755,0.587305,0.387994,-0.1546,-0.820699,-0.059138,0.870604
2023-06,-0.037055,-0.053393,-0.071678,-0.090132,0.600499,0.223293,-0.198866,-0.624925,-0.063065,0.928736
2023-07,-0.039289,-0.072195,-0.114223,-0.140556,1.207538,0.447455,-0.523353,-1.131639,-0.091566,1.0
2023-08,-0.02895,-0.048367,-0.084639,-0.117772,0.947551,0.498595,-0.340039,-1.106108,-0.069932,1.0
2023-09,-0.018714,-0.032048,-0.069736,-0.111521,0.909103,0.600597,-0.271435,-1.238265,-0.058005,0.852941
2023-10,-0.015154,-0.033754,-0.071717,-0.101061,0.932642,0.501836,-0.377414,-1.057064,-0.055422,0.815628
2023-11,-0.011877,-0.032024,-0.066128,-0.09878,0.934925,0.46782,-0.322865,-1.07988,-0.052202,0.769019
2023-12,-0.002424,-0.003683,-0.00973,-0.010373,0.095948,0.066684,-0.073841,-0.088792,-0.006553,0.096762
2024-01,-0.007948,-0.024101,-0.049663,-0.079895,0.755345,0.379382,-0.215547,-0.91918,-0.040402,0.597549
2024-02,-0.004176,-0.015498,-0.038051,-0.058909,0.582507,0.318524,-0.207351,-0.693681,-0.029159,0.432105
2024-03,-0.018115,-0.039993,-0.071083,-0.091466,0.865039,0.354238,-0.371681,-0.847596,-0.055164,0.818137
2024-04,-0.027023,-0.066564,-0.113095,-0.149729,1.448878,0.526026,-0.559949,-1.414955,-0.089103,1.0
2024-05,-0.016844,-0.046594,-0.081355,-0.098594,1.028103,0.333005,-0.479169,-0.881938,-0.060847,0.901218
2024-06,-0.004133,-0.019979,-0.054501,-0.075574,0.805127,0.434414,-0.373269,-0.866273,-0.038547,0.571837
2024-07,0.003848,-0.001438,-0.019009,-0.031316,0.371057,0.247121,-0.164822,-0.453356,-0.011979,0.178109
2024-08,0.01015,0.012502,0.005755,0.01281,-0.003626,0.051633,-0.106899,0.058892,0.010304,0.0
2024-09,0.017822,0.034622,0.05387,0.091985,-0.747178,-0.351858,0.101065,0.997971,0.049575,0.0
2024-10,0.008615,0.018631,0.038735,0.077123,-0.640055,-0.404021,0.069731,0.974345,0.035776,0.0
2024-11,0.002803,0.000632,0.006188,0.031587,-0.177107,-0.228364,-0.097163,0.502634,0.010302,0.0
2024-12,-0.008743,-0.034729,-0.065321,-0.089731,0.966629,0.352287,-0.370924,-0.947992,-0.049631,0.744083
2025-01,-0.006539,-0.02938,-0.054882,-0.07227,0.810399,0.269621,-0.334166,-0.745853,-0.040768,0.612078
2025-02,0.005714,0.002341,-0.004992,-0.005643,0.150887,0.070866,-0.103143,-0.118609,-0.000645,0.009707
2025-03,0.007075,0.004005,-0.007298,-0.021634,0.274365,0.20137,-0.067423,-0.408312,-0.004463,0.067313
2025-04,0.02145,0.038082,0.037285,0.028616,-0.236135,0.160243,0.141244,-0.065352,0.031358,0.0
2025-05,0.012854,0.018556,0.004213,-0.02399,0.237484,0.373615,0.031155,-0.642254,0.002908,0.0
2025-06,0.012788,0.018223,0.006732,-0.020589,0.203335,0.333364,0.058464,-0.595164,0.004288,0.0
2025-07,0.000695,-0.005159,-0.024893,-0.054591,0.519563,0.379291,-0.0936,-0.805255,-0.020987,0.319145
2025-08,0.000691,-0.003419,-0.027287,-0.070927,0.621999,0.523404,-0.049212,-1.096191,-0.025235,0.384471
2025-09,-0.00373,-0.011244,-0.028775,-0.06244,0.548271,0.367724,-0.053534,-0.862461,-0.026547,0.405207
2025-10,0.006312,0.016335,0.014072,-0.002973,-0.051149,0.190192,0.135697,-0.274741,0.008436,0.0
2025-11,0.008391,0.017556,0.013801,-0.015499,0.056194,0.277302,0.186715,-0.520212,0.006062,0.0
2025-12,0.010702,0.026097,0.033081,0.015534,-0.257522,0.114691,0.28353,-0.140699,0.021354,0.0
2026-01,0.009109,0.02254,0.026871,0.014772,-0.22325,0.102164,0.20712,-0.086033,0.018323,0.0
2026-02,0.007365,0.020527,0.023406,0.004781,-0.161571,0.157992,0.227888,-0.224309,0.01402,0.0
2026-03,-0.002334,-0.000963,-0.003675,-0.024872,0.136898,0.170242,0.104279,-0.411418,-0.007961,0.123035
2026-04,-0.009165,-0.015827,-0.015985,-0.027725,0.195299,0.032874,0.029022,-0.257195,-0.017175,0.265972
2026-05,-0.004782,-0.009186,-3.2e-05,0.003338,-0.051711,-0.159292,0.064344,0.146659,-0.002665,0.041363
2026-06,-0.010437,-0.018844,-0.012378,-0.007634,0.046178,-0.15964,-0.001333,0.114796,-0.012323,0.191634
2026-07,-0.008102,-0.021959,-0.025768,-0.037284,0.37227,0.032368,-0.061069,-0.343569,-0.023278,0.362646
2026-08,-0.01517,-0.035522,-0.036287,-0.035365,0.378922,-0.121316,-0.140134,-0.117472,-0.030586,0.477271
