ym,ret_strategy,ret_ew,ret_bbg,ret_tbill,w_SHY,w_IEI,w_IEF,w_TLT,w_TBILL,dur_strategy,dur_ew,dur_bbg,turnover
2007-02,0.013114,0.020014,0.016583,0.004267,0.607261,0.196218,0.123939,0.072582,0.0,3.562717,6.29226,4.83505,0.604214
2007-03,-0.003339,-0.003342,-0.000487,0.0043,0.0,0.329819,0.337346,0.225977,0.106858,6.689579,6.533137,4.839188,0.169102
2007-04,0.005717,0.005691,0.005151,0.0042,0.137077,0.363667,0.309042,0.190214,0.0,6.301761,6.458365,4.934329,0.361789
2007-05,-0.007346,-0.011695,-0.008977,0.004092,0.498571,0.232083,0.172408,0.096938,0.0,4.205717,6.408401,4.891729,0.152311
2007-06,0.001922,-0.002463,-0.000435,0.003942,0.654047,0.185319,0.10513,0.055504,0.0,3.347981,6.451061,4.768972,0.049572
2007-07,0.013565,0.019752,0.016581,0.004017,0.605994,0.20642,0.123336,0.06425,0.0,3.539642,6.376384,4.873359,0.239339
2007-08,0.015936,0.016992,0.015676,0.004133,0.363884,0.295293,0.220293,0.120531,0.0,4.833223,6.370995,4.875253,0.225424
2007-09,0.00586,0.004708,0.005393,0.003342,0.58736,0.204067,0.135098,0.073474,0.0,3.772315,6.574886,4.853575,0.026606
2007-10,0.006611,0.009438,0.007865,0.003183,0.56128,0.218495,0.144305,0.07592,0.0,3.850385,6.530885,4.961376,0.024941
2007-11,0.027029,0.035418,0.03069,0.003283,0.534976,0.228855,0.154142,0.082026,0.0,3.962206,6.49406,4.955498,0.086359
2007-12,0.00128,5.8e-05,0.000801,0.002625,0.443555,0.25167,0.194771,0.110004,0.0,4.729422,6.784875,5.027286,0.092202
2008-01,0.024968,0.025215,0.025387,0.0028,0.351875,0.284763,0.231533,0.131829,0.0,5.224323,6.719499,5.137785,0.111947
2008-02,0.011314,0.00994,0.011396,0.001633,0.461244,0.23855,0.18826,0.111946,0.0,4.657307,6.75775,5.179149,0.140976
2008-03,0.009175,0.010436,0.006937,0.001542,0.319873,0.282485,0.245499,0.152143,0.0,5.730116,6.945322,5.152445,0.125259
2008-04,-0.016744,-0.019623,-0.017186,0.00115,0.443124,0.244236,0.194123,0.118518,-0.0,4.893633,6.908294,5.261476,0.071924
2008-05,-0.009837,-0.01448,-0.011674,0.001192,0.518677,0.218534,0.163132,0.099657,0.0,4.342946,6.774164,5.149508,0.013468
2008-06,0.006899,0.010825,0.007856,0.001575,0.50852,0.222888,0.165345,0.103247,0.0,4.426385,6.779229,5.024415,0.003159
2008-07,0.003933,0.002602,0.004227,0.001583,0.507102,0.223895,0.167128,0.101875,0.0,4.400449,6.759618,5.133822,0.003293
2008-08,0.010711,0.015788,0.012493,0.0014,0.507985,0.221212,0.168413,0.10239,0.0,4.367989,6.703294,5.062921,0.022975
2008-09,0.00738,0.007731,0.006121,0.001433,0.482028,0.228213,0.180722,0.109036,0.0,4.686844,6.935687,5.046807,0.010586
2008-10,0.004021,-0.001626,-0.001102,0.000767,0.492788,0.225291,0.177128,0.104793,0.0,4.586156,6.900532,5.195881,0.024224
2008-11,0.046002,0.068974,0.053071,0.000383,0.471399,0.227828,0.18619,0.114583,0.0,4.730349,6.816318,5.05328,0.088648
2008-12,0.026052,0.052262,0.033876,8e-06,0.544531,0.220487,0.150764,0.084218,0.0,4.32517,7.219956,5.276241,0.021692
2009-01,-0.021538,-0.046914,-0.029161,9.2e-05,0.541186,0.232933,0.145431,0.08045,0.0,4.318387,7.337417,5.525171,0.017328
2009-02,-0.004395,-0.007587,-0.00526,0.0002,0.533732,0.236737,0.148028,0.081503,0.0,4.285511,7.13597,5.241276,0.00692
2009-03,0.015321,0.024445,0.021788,0.000217,0.528559,0.240478,0.150262,0.080702,0.0,4.421147,7.323432,5.141687,0.004318
2009-04,-0.01398,-0.02781,-0.018242,0.000175,0.524805,0.23845,0.155767,0.080978,0.0,4.500444,7.452172,5.334015,0.004868
2009-05,-0.007778,-0.016386,-0.010091,0.000117,0.527067,0.239955,0.152991,0.079987,0.0,4.427016,7.302202,5.198015,0.011093
2009-06,-0.002458,-0.001067,-0.00212,0.000117,0.520796,0.248208,0.15109,0.079905,0.0,4.496142,7.363179,5.066591,0.017716
2009-07,0.003219,0.004359,0.004184,0.000158,0.538942,0.243144,0.143517,0.074397,0.0,4.3535,7.347247,5.13126,0.007556
2009-08,0.007337,0.011406,0.008905,0.00015,0.54544,0.240448,0.141067,0.073045,0.0,4.302816,7.340014,5.118006,0.010282
2009-09,0.006184,0.010961,0.007781,0.000125,0.533272,0.245767,0.146536,0.074425,0.0,4.45671,7.521504,5.120272,0.00745
2009-10,-0.000356,-0.00536,-0.000487,0.000117,0.538615,0.242513,0.145722,0.07315,0.0,4.422235,7.530688,5.212683,0.003278
2009-11,0.01134,0.013704,0.013923,4.2e-05,0.539815,0.239905,0.146136,0.074143,0.0,4.408183,7.477027,5.155809,0.016151
2009-12,-0.022325,-0.03497,-0.026121,5e-05,0.52081,0.243751,0.154867,0.080572,0.0,4.64707,7.640372,5.182033,0.033624
2010-01,0.012998,0.01812,0.015806,5e-05,0.562016,0.226944,0.138235,0.072805,0.0,4.318347,7.437819,5.06322,0.026031
2010-02,0.003236,0.003551,0.003952,6.7e-05,0.532817,0.236534,0.15163,0.079019,0.0,4.517653,7.486502,5.096585,0.003435
2010-03,-0.007376,-0.012092,-0.00847,0.000108,0.528626,0.237518,0.153038,0.080818,0.0,4.608203,7.568103,5.089078,0.017647
2010-04,0.008531,0.015379,0.01048,0.000133,0.54878,0.229017,0.145568,0.076636,0.0,4.441287,7.475532,5.08346,0.007053
2010-05,0.013874,0.024863,0.017105,0.000133,0.552636,0.227225,0.14515,0.074989,0.0,4.410263,7.499081,5.115632,0.003852
2010-06,0.015235,0.027145,0.018569,0.000133,0.548747,0.230147,0.14592,0.075186,0.0,4.500026,7.705289,5.174094,0.00302
2010-07,0.004989,0.004407,0.00682,0.00015,0.541061,0.231374,0.150568,0.076997,-0.0,4.567205,7.766865,5.273126,0.009667
2010-08,0.015766,0.032702,0.020079,0.000125,0.545557,0.223149,0.153081,0.078212,0.0,4.560269,7.752492,5.262069,0.026429
2010-09,0.000325,-0.004023,0.000211,0.000117,0.56456,0.218199,0.145056,0.072185,0.0,4.497187,7.967733,5.383744,0.012879
2010-10,-0.001356,-0.010007,-0.001579,0.000133,0.552407,0.219663,0.151423,0.076507,0.0,4.57769,7.915451,5.395124,0.014238
2010-11,-0.005199,-0.007814,-0.006988,0.0001,0.5442,0.217024,0.15713,0.081646,0.0,4.641629,7.833157,5.314645,0.020714
2010-12,-0.013199,-0.023383,-0.017991,0.000142,0.564227,0.218757,0.143272,0.073745,0.0,4.455624,7.823294,5.260757,0.011113
2011-01,-6e-05,-0.005953,-0.00025,0.0001,0.579966,0.21902,0.133145,0.067869,0.0,4.250967,7.665288,5.192168,0.011864
2011-02,-0.000824,0.001794,-0.000743,0.000125,0.592706,0.212104,0.129616,0.065574,0.0,4.144905,7.59161,5.154238,0.023874
2011-03,-0.000626,-0.000393,-0.000608,0.000125,0.616475,0.207225,0.118182,0.058118,0.0,4.001416,7.695203,5.173921,0.021425
2011-04,0.008436,0.013453,0.011536,7.5e-05,0.637915,0.197985,0.11004,0.05406,0.0,3.839463,7.634649,5.214183,0.011742
2011-05,0.010213,0.020705,0.015616,3.3e-05,0.647163,0.192801,0.107991,0.052044,0.0,3.777247,7.646452,5.249351,0.00076
2011-06,-0.001793,-0.006941,-0.00338,5e-05,0.642849,0.193322,0.110424,0.053406,0.0,3.859958,7.781572,5.331251,0.002928
2011-07,0.011144,0.024243,0.018224,2.5e-05,0.641131,0.194621,0.110159,0.05409,0.0,3.845305,7.704094,5.319309,0.011188
2011-08,0.017149,0.042926,0.027775,8.3e-05,0.643022,0.184982,0.115123,0.056873,0.0,3.896467,7.771082,5.404728,0.026714
2011-09,0.007958,0.03557,0.017465,1.7e-05,0.661065,0.175785,0.109246,0.053903,0.0,3.867499,8.003331,5.600103,0.037717
2011-10,-0.002855,-0.014796,-0.008154,1.7e-05,0.692561,0.169732,0.094328,0.043379,0.0,3.604872,8.068315,5.858576,0.010449
2011-11,0.003357,0.011245,0.007462,8e-06,0.686409,0.168334,0.099959,0.045299,0.0,3.647114,7.983368,5.759373,0.015639
2011-12,0.004396,0.014498,0.009662,8e-06,0.700049,0.160693,0.096088,0.04317,0.0,3.621965,8.104137,5.830899,0.019995
2012-01,0.002645,0.003737,0.004229,1.7e-05,0.717254,0.146994,0.093813,0.041939,0.0,3.553238,8.134246,5.887549,0.015463
2012-02,-0.004101,-0.010171,-0.007123,5e-05,0.711024,0.137361,0.101885,0.04973,0.0,3.691023,8.116549,5.832892,0.003473
2012-03,-0.005043,-0.016362,-0.010033,6.7e-05,0.711448,0.14058,0.099388,0.048584,0.0,3.698016,8.149062,5.708387,0.016343
2012-04,0.008222,0.02153,0.014544,5.8e-05,0.698209,0.148719,0.102665,0.050408,0.0,3.739526,8.048994,5.589114,0.010688
2012-05,0.008703,0.030008,0.017143,8.3e-05,0.702541,0.138613,0.105272,0.053575,0.0,3.784109,8.113648,5.636394,0.065986
2012-06,-0.001756,-0.005623,-0.003477,5.8e-05,0.762673,0.118709,0.079664,0.038953,0.0,3.383796,8.288207,5.740219,0.014229
2012-07,0.005031,0.015273,0.010065,7.5e-05,0.777677,0.112447,0.073765,0.036111,0.0,3.259333,8.22513,5.684724,0.002414
2012-08,-0.000526,-0.003302,-0.001287,9.2e-05,0.778013,0.110808,0.074216,0.036962,0.0,3.259059,8.238545,5.699414,0.005784
2012-09,-0.001111,-0.006462,-0.003059,7.5e-05,0.783737,0.105416,0.073959,0.036887,0.0,3.268929,8.294953,5.61202,0.007498
2012-10,-0.000979,-0.001903,-0.001694,8.3e-05,0.777056,0.107965,0.076147,0.038832,0.0,3.301639,8.237638,5.561684,0.013859
2012-11,0.002257,0.007301,0.005202,9.2e-05,0.786951,0.112113,0.068426,0.032511,0.0,3.142012,8.192085,5.495836,0.025801
2012-12,-0.001248,-0.008039,-0.00435,6.7e-05,0.811547,0.098614,0.060757,0.029082,0.0,3.031376,8.28595,5.470647,0.014418
2013-01,-0.002601,-0.014803,-0.008074,4.2e-05,0.798461,0.109596,0.063636,0.028307,0.0,3.03718,8.205266,5.41096,0.028285
2013-02,0.002465,0.007611,0.005283,5.8e-05,0.772303,0.12416,0.071836,0.031701,0.0,3.154322,8.099966,5.262387,0.003737
2013-03,0.000267,0.000518,0.000981,9.2e-05,0.77175,0.121804,0.071484,0.034962,0.0,3.236881,8.214638,5.243893,0.02417
2013-04,0.003713,0.016502,0.00889,5.8e-05,0.795657,0.112369,0.061574,0.0304,0.0,3.061779,8.191776,5.260921,0.023764
2013-05,-0.006092,-0.028826,-0.017075,4.2e-05,0.817303,0.106759,0.051765,0.024173,0.0,2.879029,8.222889,5.321811,0.03496
2013-06,-0.004495,-0.017638,-0.011005,3.3e-05,0.786042,0.124105,0.062115,0.027738,0.0,3.054993,8.168415,5.150856,0.020689
2013-07,0.000622,-0.005337,-0.001089,3.3e-05,0.768355,0.137117,0.066547,0.027981,0.0,3.100691,8.062062,5.087563,0.018602
2013-08,-0.002882,-0.006713,-0.004859,3.3e-05,0.750459,0.143708,0.073885,0.031948,0.0,3.214114,8.007879,5.023783,0.00361
2013-09,0.004331,0.007539,0.006993,2.5e-05,0.755397,0.142436,0.071409,0.030759,0.0,3.202502,8.050178,4.976326,0.00999
2013-10,0.002505,0.007352,0.004824,1.7e-05,0.761033,0.133383,0.072562,0.033021,0.0,3.218332,8.045167,5.017263,0.002277
2013-11,-0.000984,-0.008752,-0.003271,3.3e-05,0.75752,0.134078,0.07485,0.033551,0.0,3.235515,8.03417,5.021815,0.029906
2013-12,-0.005196,-0.013147,-0.009071,5e-05,0.72897,0.147175,0.08458,0.039275,0.0,3.455472,8.070548,4.953217,0.009752
2014-01,0.006946,0.024931,0.013567,5.8e-05,0.73583,0.151841,0.078503,0.033825,-0.0,3.321803,7.968297,4.925438,0.042607
2014-02,0.001525,0.004247,0.002722,1.7e-05,0.774385,0.131982,0.065849,0.027784,0.0,3.098864,8.015392,5.012445,0.007201
2014-03,-0.002154,-0.001576,-0.002857,4.2e-05,0.767012,0.13913,0.066275,0.027583,-0.0,3.163091,8.118982,5.017097,0.021706
2014-04,0.002631,0.009146,0.005519,4.2e-05,0.789374,0.129967,0.057539,0.02312,0.0,3.000516,8.063565,5.063642,0.016973
2014-05,0.004083,0.014957,0.009418,2.5e-05,0.80526,0.121974,0.052338,0.020428,0.0,2.900512,8.0505,5.092409,0.012243
2014-06,-0.000902,-0.001787,-0.001424,3.3e-05,0.815569,0.117831,0.047966,0.018634,0.0,2.86467,8.162849,5.145608,0.015668
2014-07,-0.00133,-0.000503,-0.001629,3.3e-05,0.831473,0.107821,0.043736,0.01697,0.0,2.774266,8.111565,5.177413,0.004574
2014-08,0.003926,0.018068,0.010549,2.5e-05,0.835024,0.108776,0.041014,0.015186,0.0,2.716885,8.063876,5.176416,0.013795
2014-09,-0.001794,-0.009071,-0.005474,2.5e-05,0.847112,0.103026,0.036822,0.01304,-0.0,2.671547,8.201031,5.255064,0.003489
2014-10,0.004319,0.014387,0.009742,1.7e-05,0.84877,0.099182,0.037944,0.014104,0.0,2.670837,8.1289,5.257346,0.002618
2014-11,0.002772,0.012675,0.008064,8e-06,0.845439,0.101953,0.038769,0.013839,0.0,2.669186,8.148,5.316274,0.008066
2014-12,-0.002191,0.006844,0.001424,1.7e-05,0.852288,0.099925,0.035755,0.012032,0.0,2.640751,8.269324,5.376568,0.016286
2015-01,0.0087,0.040321,0.025866,3.3e-05,0.868197,0.092732,0.030592,0.008479,0.0,2.512274,8.2486,5.479523,0.014495
2015-02,-0.004101,-0.024062,-0.015444,1.7e-05,0.879753,0.093041,0.023258,0.003948,0.0,2.376966,8.321804,5.680867,0.010523
2015-03,0.003056,0.00764,0.006308,1.7e-05,0.870808,0.092124,0.028508,0.00856,-0.0,2.49132,8.298299,5.563224,0.001545
2015-04,-0.000274,-0.010315,-0.005261,2.5e-05,0.868705,0.092794,0.029972,0.008529,0.0,2.483482,8.291086,5.637414,0.005252
2015-05,0.000272,-0.004755,-0.001801,8e-06,0.866012,0.090699,0.032148,0.011141,0.0,2.516157,8.225102,5.57674,0.006251
2015-06,-0.001455,-0.015713,-0.008827,8e-06,0.86001,0.091955,0.034404,0.013631,0.0,2.581305,8.248479,5.546683,0.013405
2015-07,0.00199,0.013867,0.008337,8e-06,0.84801,0.095864,0.04022,0.015906,0.0,2.646368,8.160742,5.510982,0.014584
2015-08,-0.000304,0.000738,0.000437,6.7e-05,0.861286,0.090649,0.035568,0.012498,0.0,2.535112,8.170796,5.605019,0.008656
2015-09,0.004097,0.010637,0.008776,6.7e-05,0.869734,0.084347,0.033593,0.012326,0.0,2.512328,8.206141,5.618642,0.001738
2015-10,-0.001751,-0.004299,-0.003661,0.0,0.870301,0.083251,0.033803,0.012645,0.0,2.513731,8.220766,5.721344,0.004812
2015-11,-0.002801,-0.004872,-0.00409,6.7e-05,0.866088,0.086964,0.034508,0.01244,0.0,2.511064,8.159899,5.718845,0.002475
2015-12,-0.001187,-0.001664,-0.001638,0.000183,0.867431,0.08822,0.032515,0.011834,0.0,2.515847,8.185339,5.729218,0.000913
2016-01,0.008509,0.027512,0.021297,0.000133,0.866682,0.088263,0.033039,0.012016,0.0,2.512518,8.13651,5.76909,0.017639
2016-02,0.002361,0.013407,0.008912,0.000275,0.848686,0.105669,0.035089,0.010555,0.0,2.550586,8.202372,5.912628,0.035917
2016-03,0.001804,0.00097,0.001583,0.000275,0.883478,0.092643,0.018939,0.00494,0.0,2.358877,8.342968,6.010578,0.014724
2016-04,-3e-06,-0.00204,-0.001052,0.000175,0.868739,0.093779,0.028902,0.008579,0.0,2.474204,8.308197,6.051893,0.006917
2016-05,-0.001075,0.001386,-2.7e-05,0.000183,0.86201,0.097505,0.030654,0.009831,0.0,2.505649,8.263184,6.045398,0.008375
2016-06,0.007999,0.029748,0.022076,0.000283,0.861324,0.105802,0.026592,0.006283,0.0,2.465985,8.316426,6.066004,0.03215
2016-07,-0.000515,0.005953,0.004051,0.000217,0.875709,0.122634,0.001658,0.0,0.0,2.255285,8.385017,6.279343,0.016201
2016-08,-0.002189,-0.006356,-0.005497,0.000233,0.891821,0.108179,0.0,0.0,0.0,2.198752,8.358833,6.335411,0.021115
2016-09,0.001209,-0.003476,-0.001323,0.000275,0.871113,0.114141,0.014746,0.0,0.0,2.326139,8.379141,6.297099,0.016385
2016-10,-0.002,-0.015965,-0.011007,0.000242,0.859909,0.108972,0.025023,0.006096,-0.0,2.474884,8.338322,6.305985,0.034342
2016-11,-0.008717,-0.03569,-0.026683,0.000283,0.826551,0.116415,0.042292,0.014742,0.0,2.730287,8.248111,6.191233,0.050554
2016-12,-6.8e-05,-0.001924,-0.001055,0.0004,0.779836,0.138798,0.059832,0.021534,0.0,3.025866,8.174609,5.977264,0.004341
2017-01,0.001234,0.002217,0.002261,0.000425,0.775881,0.142102,0.060732,0.021284,0.0,3.02203,8.123216,5.997182,0.007241
2017-02,0.002118,0.006991,0.004935,0.000433,0.768395,0.144108,0.064908,0.02259,-0.0,3.05677,8.084989,5.99501,0.012907
2017-03,0.000345,-0.001098,-0.000457,0.000442,0.780479,0.141163,0.057923,0.020434,0.0,3.013811,8.176052,6.024864,0.01517
2017-04,0.00295,0.008578,0.006947,0.000633,0.765395,0.154498,0.059116,0.020991,0.0,3.044273,8.126356,6.037639,0.031313
2017-05,0.002397,0.008901,0.006527,0.000667,0.795389,0.135643,0.050327,0.018641,0.0,2.896396,8.118172,6.066662,0.016426
2017-06,-0.001407,-0.001393,-0.001619,0.000817,0.806226,0.140564,0.038027,0.015184,0.0,2.805911,8.205511,6.097903,0.009121
2017-07,0.00222,0.000598,0.001667,0.000858,0.800556,0.144407,0.042846,0.01219,-0.0,2.774544,8.144233,6.120916,0.018486
2017-08,0.003937,0.014913,0.010825,0.000892,0.781889,0.149643,0.048762,0.019705,-0.0,2.92811,8.104334,6.08799,0.087192
2017-09,-0.002919,-0.01146,-0.008571,0.000842,0.867449,0.096986,0.024438,0.011127,0.0,2.536114,8.211836,6.159469,0.042782
2017-10,-0.000904,-0.001229,-0.00121,0.000883,0.825602,0.116174,0.042607,0.015617,0.0,2.746935,8.125613,6.11624,0.018733
2017-11,-0.002314,-0.000324,-0.001376,0.000958,0.844473,0.105183,0.036943,0.013401,0.0,2.632233,8.07365,6.095263,0.02461
2017-12,0.000152,0.004944,0.003088,0.001058,0.869147,0.095345,0.026952,0.008556,0.0,2.498324,8.124232,6.088139,0.031128
2018-01,-0.004256,-0.017527,-0.013584,0.001158,0.900096,0.082793,0.014798,0.002313,0.0,2.278589,8.087894,6.153905,0.04989
2018-02,-0.001473,-0.011152,-0.007534,0.001217,0.851195,0.105848,0.033942,0.009015,0.0,2.536702,7.969782,6.036715,0.01096
2018-03,0.003146,0.012873,0.00943,0.001375,0.841007,0.108287,0.038182,0.012525,0.0,2.657442,8.005646,5.951009,0.049689
2018-04,-0.002618,-0.010308,-0.0081,0.001442,0.889664,0.078687,0.025297,0.006352,0.0,2.39316,8.002922,6.063286,0.013911
2018-05,0.004406,0.011047,0.008978,0.001558,0.876497,0.085253,0.030249,0.008001,0.0,2.442852,7.91218,5.981095,0.022958
2018-06,-4.9e-05,0.000443,0.000207,0.001608,0.898841,0.067536,0.026561,0.007061,0.0,2.382,8.002892,6.006119,0.000947
2018-07,-0.000705,-0.006134,-0.004184,0.001608,0.898874,0.068101,0.025625,0.007399,0.0,2.368925,7.954592,6.031915,0.006128
2018-08,0.003769,0.009344,0.00765,0.001692,0.893127,0.070175,0.027478,0.009221,-0.0,2.395542,7.881958,5.962363,0.040729
2018-09,-0.002161,-0.013146,-0.009337,0.001758,0.933309,0.038454,0.020365,0.007871,0.0,2.277053,7.974619,5.984308,0.039575
2018-10,0.000874,-0.008385,-0.004777,0.001825,0.894374,0.065591,0.029042,0.010993,0.0,2.43027,7.885002,5.926445,0.012976
2018-11,0.004361,0.010968,0.008876,0.00195,0.894335,0.053138,0.035393,0.017134,0.0,2.510856,7.817939,5.82982,0.052192
2018-12,0.009622,0.027384,0.021516,0.001975,0.94347,0.007933,0.028926,0.019671,0.0,2.426132,7.917921,5.858487,1.0
2019-01,0.002042,0.005169,0.004708,0.002042,0.0,0.0,0.0,0.0,1.0,0.25,7.96678,6.028982,0.0
2019-02,0.002008,-0.004224,-0.002711,0.002008,0.0,0.0,0.0,0.0,1.0,0.25,7.942291,6.028434,0.497374
2019-03,0.027695,0.024754,0.01909,0.002042,0.0,0.0,0.0,0.497374,0.502626,9.01347,7.994064,5.977932,0.50992
2019-04,0.002,-0.005202,-0.002773,0.002,0.0,0.0,0.0,0.0,1.0,0.25,8.033618,6.150084,0.466998
2019-05,0.032572,0.030493,0.023501,0.002025,0.0,0.0,0.0,0.466998,0.533002,8.511264,7.977388,6.0794,0.482766
2019-06,0.001958,0.010129,0.009229,0.001958,0.0,0.0,0.0,0.0,1.0,0.25,8.12924,6.238859,0.453983
2019-07,0.001799,-0.000766,-0.001179,0.001767,0.0,0.0,0.0,0.453983,0.546017,8.517566,8.134765,6.315182,0.003652
2019-08,0.050655,0.044498,0.033997,0.001733,0.0,0.0,0.0,0.457653,0.542347,8.551492,8.088105,6.29717,0.482906
2019-09,0.001658,-0.011201,-0.00846,0.001658,0.0,0.0,0.0,0.0,1.0,0.25,8.27592,6.571561,0.395848
2019-10,-0.002748,-0.000484,0.000682,0.001567,0.0,0.0,0.0,0.395848,0.604152,7.579931,8.206262,6.530496,0.939919
2019-11,-0.001917,-0.003834,-0.003008,0.001283,0.657183,0.175322,0.107414,0.060081,0.0,3.97675,8.174278,6.486976,0.019685
2019-12,-0.001293,-0.008802,-0.005614,0.001325,0.642308,0.193455,0.10821,0.056027,0.0,3.992115,8.219676,6.451534,0.053456
2020-01,0.015601,0.031281,0.024437,0.001292,0.590997,0.216223,0.128346,0.064434,0.0,4.282172,8.16073,6.412225,0.194333
2020-02,0.023538,0.031811,0.026507,0.001292,0.390736,0.278121,0.209024,0.12212,-0.0,5.88966,8.221307,6.599439,0.432354
2020-03,0.031847,0.036396,0.028924,0.001058,0.0,0.229606,0.323463,0.199681,0.24725,7.487934,8.406987,6.794033,0.58323
2020-04,0.002152,0.004769,0.006361,9.2e-05,0.58323,0.21123,0.137032,0.068508,0.0,4.49064,8.500617,7.038565,0.011377
2020-05,-0.000334,-0.004115,-0.002534,7.5e-05,0.57465,0.222559,0.137259,0.065532,0.0,4.479899,8.51848,7.003613,0.031295
2020-06,0.000664,0.001025,0.000936,0.000117,0.543877,0.223706,0.152207,0.08021,0.0,4.886465,8.609217,7.000844,0.00411
2020-07,0.006138,0.014234,0.011427,0.000133,0.539997,0.223381,0.155914,0.080707,0.0,4.903051,8.594106,7.067095,0.026995
2020-08,-0.005077,-0.014107,-0.010953,7.5e-05,0.564178,0.217816,0.147447,0.070558,0.0,4.647882,8.597348,7.191361,0.023066
2020-09,0.001036,0.002115,0.001385,9.2e-05,0.543816,0.219534,0.157237,0.079413,0.0,4.919718,8.657123,7.05555,0.005111
2020-10,-0.005798,-0.012349,-0.009427,8.3e-05,0.543312,0.224546,0.154576,0.077566,0.0,4.875988,8.651624,7.144782,0.022786
2020-11,0.002034,0.004363,0.003481,7.5e-05,0.523386,0.233129,0.16379,0.079695,0.0,4.968913,8.597622,7.041873,0.023974
2020-12,-0.000974,-0.003538,-0.002315,6.7e-05,0.546491,0.224711,0.154014,0.074783,0.0,4.86811,8.704914,7.094439,0.024776
2021-01,-0.005362,-0.012645,-0.009565,7.5e-05,0.522455,0.229181,0.168232,0.080132,0.0,5.049549,8.678789,7.131386,0.029026
2021-02,-0.012227,-0.023518,-0.018147,5e-05,0.49631,0.242576,0.177824,0.083289,0.0,5.180363,8.62792,7.005044,0.025495
2021-03,-0.010767,-0.02095,-0.015416,3.3e-05,0.476619,0.263169,0.176849,0.083363,0.0,5.277642,8.658045,6.834611,0.017216
2021-04,0.005384,0.009911,0.0075,2.5e-05,0.464444,0.269829,0.182435,0.083292,0.0,5.289062,8.567293,6.719042,0.025881
2021-05,0.001734,0.001979,0.003447,8e-06,0.48804,0.261149,0.173696,0.077115,0.0,5.101976,8.577859,6.775526,0.006787
2021-06,0.004179,0.012858,0.006426,8e-06,0.49226,0.256868,0.171895,0.078977,-0.0,5.171953,8.674318,6.793005,0.041733
2021-07,0.008777,0.016992,0.013608,4.2e-05,0.531152,0.25174,0.149755,0.067353,0.0,4.800478,8.669388,6.934406,0.016826
2021-08,-0.001398,-0.002209,-0.001753,5e-05,0.544265,0.24247,0.146355,0.066909,0.0,4.742159,8.694216,7.043787,0.005323
2021-09,-0.006958,-0.013794,-0.010837,3.3e-05,0.543287,0.247584,0.14382,0.065309,0.0,4.764863,8.774552,7.032839,0.004648
2021-10,-0.003121,0.001801,-0.000705,3.3e-05,0.549523,0.248807,0.140093,0.061577,-0.0,4.6451,8.698894,6.977835,0.040438
2021-11,0.003393,0.010696,0.007655,4.2e-05,0.58981,0.23457,0.122792,0.052828,0.0,4.309468,8.641522,7.011868,0.020929
2021-12,-0.003715,-0.007702,-0.005134,4.2e-05,0.608529,0.227636,0.114359,0.049475,0.0,4.22635,8.74259,7.088537,0.026721
2022-01,-0.011598,-0.020462,-0.018944,5e-05,0.63612,0.212743,0.105628,0.045509,0.0,4.031585,8.694132,7.074291,0.01029
2022-02,-0.004867,-0.00746,-0.006589,0.000183,0.649389,0.20612,0.101284,0.043206,0.0,3.898959,8.571953,6.912215,0.012383
2022-03,-0.021641,-0.03495,-0.031136,0.000292,0.662268,0.199145,0.096358,0.042229,0.0,3.857717,8.619788,6.866846,0.017996
2022-04,-0.015558,-0.040203,-0.03098,0.000433,0.649477,0.205122,0.101543,0.043857,0.0,3.86815,8.429683,6.704392,0.024091
2022-05,0.004894,-0.000697,0.001827,0.000708,0.632471,0.211725,0.108603,0.047201,0.0,3.932522,8.25803,6.41447,0.020114
2022-06,-0.007566,-0.00955,-0.008797,0.000967,0.612957,0.217737,0.114461,0.054844,0.0,4.136193,8.308938,6.354186,0.014864
2022-07,0.010831,0.019256,0.015941,0.001433,0.628503,0.212958,0.106954,0.051584,0.0,3.974951,8.210497,6.330529,0.070183
2022-08,-0.015521,-0.029725,-0.024809,0.002008,0.694561,0.181738,0.075396,0.048306,0.0,3.635026,8.242072,6.411816,0.013792
2022-09,-0.020759,-0.04245,-0.034536,0.002467,0.68973,0.19352,0.073385,0.043365,-0.0,3.56228,8.146485,6.239282,0.02222
2022-10,-0.005784,-0.021073,-0.013937,0.002775,0.673877,0.200477,0.083813,0.041833,-0.0,3.551682,7.916321,6.022518,0.049967
2022-11,0.013294,0.034322,0.026778,0.003517,0.726957,0.183737,0.053946,0.03536,0.0,3.193229,7.79538,5.863045,0.205837
2022-12,0.000856,-0.011406,-0.005182,0.003642,0.927904,0.072096,0.0,0.0,0.0,2.068943,7.949734,6.033485,0.086875
2023-01,0.010669,0.035634,0.02506,0.003683,0.841482,0.130784,0.015864,0.011869,0.0,2.482309,7.855878,6.016036,0.161074
2023-02,-0.007725,-0.027882,-0.023399,0.003917,1.0,0.0,0.0,0.0,0.0,1.86329,7.910038,6.178254,0.084951
2023-03,0.017183,0.032399,0.028945,0.004067,0.915049,0.084951,0.0,0.0,0.0,2.101421,7.829339,6.017523,1.0
2023-04,0.004042,0.005447,0.005359,0.004042,0.0,0.0,0.0,0.0,1.0,0.25,7.910927,6.201839,0.0
2023-05,0.00425,-0.01418,-0.01161,0.00425,0.0,0.0,0.0,0.0,1.0,0.25,7.882198,6.209115,0.0
2023-06,0.0046,-0.007144,-0.007509,0.0046,0.0,0.0,0.0,0.0,1.0,0.25,7.868034,6.107431,1.0
2023-07,0.00336,-0.006592,-0.00354,0.004525,0.978856,0.021144,0.0,0.0,0.0,1.920972,7.767445,6.121348,0.017235
2023-08,0.003664,-0.008934,-0.005182,0.004625,0.961673,0.038327,0.0,0.0,0.0,1.950342,7.691132,6.04578,0.160205
2023-09,-0.006259,-0.030941,-0.022094,0.004633,0.801626,0.113328,0.046828,0.038218,0.0,3.007086,7.710883,5.950797,0.176452
2023-10,-0.004957,-0.018945,-0.012083,0.004625,0.629882,0.182955,0.119544,0.067619,0.0,3.975422,7.543311,5.787475,0.067409
2023-11,0.025483,0.044998,0.03473,0.004658,0.567671,0.211421,0.142592,0.078316,0.0,4.276029,7.411704,5.636282,0.034666
2023-12,0.023114,0.039715,0.03365,0.004542,0.593904,0.187069,0.14025,0.078776,0.0,4.299843,7.617496,5.847851,0.547604
2024-01,-0.000304,-0.00389,-0.002806,0.0045,0.039319,0.2128,0.229449,0.128561,0.389872,5.004926,7.709861,6.107855,0.247287
2024-02,-0.010244,-0.015237,-0.013119,0.004517,0.278294,0.221982,0.206547,0.114013,0.179164,4.982766,7.645158,6.033348,0.29375
2024-03,0.004191,0.005733,0.006426,0.004542,0.573676,0.215355,0.142412,0.068558,0.0,4.225651,7.625112,5.931307,0.011981
2024-04,-0.014659,-0.028702,-0.023274,0.00455,0.560943,0.220543,0.148468,0.070046,0.0,4.269632,7.596241,5.985827,0.029631
2024-05,0.010938,0.016728,0.014568,0.00455,0.596998,0.210977,0.130982,0.061043,0.0,3.954992,7.421246,5.773858,0.003976
2024-06,0.008089,0.011235,0.010085,0.00455,0.592465,0.209522,0.13511,0.062903,0.0,4.04814,7.527674,5.817514,0.027739
2024-07,0.018177,0.024573,0.021879,0.004567,0.563252,0.214704,0.150206,0.071838,0.0,4.257326,7.509142,5.876634,0.174842
2024-08,0.011326,0.014148,0.012792,0.004508,0.384815,0.224998,0.189587,0.099894,0.100706,4.756996,7.550921,5.947226,0.19382
2024-09,0.009829,0.012642,0.012023,0.004342,0.191537,0.223576,0.206547,0.108735,0.269606,4.763508,7.648314,5.96884,0.167074
2024-10,-0.017974,-0.02882,-0.023811,0.003942,0.350271,0.23172,0.186657,0.094524,0.136828,4.674683,7.656952,6.046374,0.171809
2024-11,0.005895,0.009266,0.007772,0.003867,0.519595,0.237567,0.163463,0.079375,0.0,4.473617,7.47472,5.854341,0.01533
2024-12,-0.00909,-0.022616,-0.015408,0.003817,0.533301,0.23059,0.159806,0.076303,0.0,4.43525,7.552224,5.873394,0.006816
2025-01,0.005023,0.005331,0.005174,0.003642,0.532562,0.231975,0.158714,0.076749,0.0,4.384589,7.417098,5.741139,0.00164
2025-02,0.016382,0.026997,0.021559,0.003592,0.533588,0.230894,0.158604,0.076914,0.0,4.361954,7.381758,5.728984,0.0178
2025-03,0.003396,0.000352,0.002296,0.0036,0.520285,0.227181,0.158544,0.07619,0.0178,4.385055,7.528487,5.848193,0.017804
2025-04,0.007637,0.004112,0.006334,0.0036,0.521188,0.233141,0.164769,0.080903,0.0,4.507042,7.481764,5.85054,0.08644
2025-05,-0.007757,-0.013219,-0.010282,0.003592,0.440162,0.229118,0.183967,0.095923,0.05083,4.720389,7.450255,5.815531,0.053043
2025-06,0.010721,0.014848,0.012544,0.003633,0.495567,0.224864,0.174611,0.09182,0.013138,4.67293,7.440834,5.714988,0.037564
2025-07,-0.002985,-0.005137,-0.003921,0.003675,0.456593,0.224053,0.178635,0.094993,0.045726,4.676991,7.441207,5.79967,0.054174
2025-08,0.010256,0.00948,0.010554,0.003675,0.509466,0.226259,0.173924,0.090351,0.0,4.619362,7.361183,5.74713,0.047664
2025-09,0.006763,0.011972,0.008471,0.003525,0.461461,0.226584,0.185369,0.099231,0.027356,4.822763,7.454454,5.741206,0.055247
2025-10,0.005113,0.007122,0.006171,0.00335,0.507867,0.232591,0.172767,0.086775,0.0,4.619463,7.438269,5.834986,0.017981
2025-11,0.00577,0.005949,0.006178,0.003242,0.524914,0.225455,0.166124,0.083507,-0.0,4.498776,7.408308,5.839484,0.022389
2025-12,-0.00237,-0.007765,-0.003303,0.003233,0.501801,0.23234,0.174385,0.091473,0.0,4.726994,7.488458,5.835408,0.002332
2026-01,0.000469,-0.000311,-0.000924,0.003058,0.503222,0.234868,0.172563,0.089347,0.0,4.656125,7.416728,5.809066,0.00489
2026-02,0.014553,0.022537,0.018178,0.003058,0.499025,0.235587,0.175388,0.09,0.0,4.644378,7.349752,5.766265,0.020423
2026-03,-0.01336,-0.02106,-0.017365,0.003058,0.514906,0.228708,0.168858,0.087527,0.0,4.632139,7.488343,5.864806,0.030058
2026-04,0.000212,-0.001955,-0.000735,0.003083,0.5495,0.219387,0.153514,0.077599,0.0,4.314805,7.336454,5.752187,0.00047
2026-05,0.000492,0.001021,0.001114,0.003067,0.550768,0.218902,0.153318,0.077012,0.0,4.274759,7.275703,5.711504,0.009128
2026-06,0.001808,0.003998,0.002834,0.003075,0.560098,0.217021,0.148511,0.07437,0.0,4.231957,7.316623,5.69651,0.016449
2026-07,-0.005541,-0.01586,-0.011136,0.003225,0.575874,0.213643,0.141364,0.069119,0.0,4.086497,7.270613,5.73927,0.00975
2026-08,0.002235,0.003044,,0.003192,0.570106,0.215206,0.143714,0.070975,0.0,4.07753,7.14904,5.608102,
