ym,SHY,IEI,IEF,TLT,BBG_UST
2005-11,1.8155,3.8429,6.6742,13.0165,5.0146
2005-12,1.7844,3.8104,6.6241,13.0429,5.1423
2006-01,1.751,3.772,6.525,12.8702,5.0572
2006-02,1.8025,3.8405,6.6126,13.3238,4.9956
2006-03,1.7712,3.8008,6.5392,13.0057,5.0219
2006-04,1.742,3.7702,6.4568,12.7694,4.9115
2006-05,1.8167,3.8546,6.5554,12.7782,4.8289
2006-06,1.781,3.8213,6.4913,12.7056,4.9052
2006-07,1.7437,3.7942,6.4297,12.7355,4.8787
2006-08,1.8339,3.9155,6.6989,13.2399,4.8555
2006-09,1.7979,3.8914,6.6592,13.2483,5.0179
2006-10,1.7587,3.8593,6.5754,13.1817,4.9684
2006-11,1.7994,3.9628,6.7403,13.4461,4.9359
2006-12,1.7587,3.9201,6.6586,13.1764,4.9213
2007-01,1.7195,3.8782,6.5625,13.0088,4.835
2007-02,1.7953,4.024,6.6926,13.6206,4.8392
2007-03,1.756,3.9915,6.6385,13.4474,4.9343
2007-04,1.7201,3.9587,6.5591,13.3957,4.8917
2007-05,1.7787,3.9878,6.7192,13.3186,4.769
2007-06,1.7453,3.9515,6.6622,13.1466,4.8734
2007-07,1.7093,3.924,6.6146,13.2361,4.8753
2007-08,1.7402,4.0285,6.8097,13.7212,4.8536
2007-09,1.718,4.0011,6.7676,13.6369,4.9614
2007-10,1.6936,3.9634,6.6897,13.6296,4.9555
2007-11,1.7264,4.0862,6.9516,14.3754,5.0273
2007-12,1.7045,4.0442,6.8949,14.2344,5.1378
2008-01,1.698,4.0438,6.8954,14.3938,5.1791
2008-02,1.7468,4.1989,7.1031,14.7325,5.1524
2008-03,1.7302,4.1606,7.062,14.6804,5.2615
2008-04,1.7078,4.1068,6.9125,14.3696,5.1495
2008-05,1.7201,4.1368,6.9983,14.2617,5.0244
2008-06,1.7082,4.0952,6.9578,14.2773,5.1338
2008-07,1.6894,4.0639,6.8839,14.176,5.0629
2008-08,1.7541,4.2316,7.0209,14.7361,5.0468
2008-09,1.752,4.2057,7.0101,14.6342,5.1959
2008-10,1.7383,4.2517,7.0452,14.2301,5.0533
2008-11,1.781,4.3215,7.2769,15.5004,5.2762
2008-12,1.8023,4.2961,7.2595,15.9917,5.5252
2009-01,1.8119,4.2508,7.2127,15.2685,5.2413
2009-02,1.8887,4.3886,7.3321,15.6843,5.1417
2009-03,1.9009,4.4121,7.329,16.1667,5.334
2009-04,1.9051,4.4194,7.2873,15.597,5.198
2009-05,1.9213,4.528,7.495,15.5083,5.0666
2009-06,1.9178,4.5134,7.4438,15.514,5.1313
2009-07,1.9105,4.4811,7.4321,15.5364,5.118
2009-08,1.9422,4.5638,7.5496,16.0304,5.1203
2009-09,1.9394,4.5529,7.509,16.1214,5.2127
2009-10,1.9315,4.5454,7.4701,15.9611,5.1558
2009-11,1.9465,4.6467,7.6653,16.303,5.182
2009-12,1.9356,4.6112,7.5596,15.6449,5.0632
2010-01,1.933,4.6099,7.5476,15.8555,5.0966
2010-02,1.9634,4.6588,7.6483,16.0018,5.0891
2010-03,1.9543,4.6309,7.5635,15.7535,5.0835
2010-04,1.9472,4.6186,7.5208,15.9097,5.1156
2010-05,1.9408,4.6602,7.6553,16.5649,5.1741
2010-06,1.9308,4.6495,7.6293,16.8578,5.2731
2010-07,1.915,4.6305,7.5972,16.8673,5.2621
2010-08,1.9338,4.678,7.7036,17.5555,5.3837
2010-09,1.9195,4.6603,7.6714,17.4107,5.3951
2010-10,1.8991,4.6391,7.6438,17.1507,5.3146
2010-11,1.9095,4.6662,7.6904,17.0271,5.2608
2010-12,1.8984,4.6318,7.6252,16.5057,5.1922
2011-01,1.8856,4.5948,7.5958,16.2903,5.1542
2011-02,1.9044,4.6168,7.6716,16.5881,5.1739
2011-03,1.89,4.5747,7.6216,16.4523,5.2142
2011-04,1.8804,4.5515,7.6091,16.5448,5.2494
2011-05,1.8934,4.5861,7.7154,16.9313,5.3313
2011-06,1.8854,4.5554,7.695,16.6805,5.3193
2011-07,1.8796,4.524,7.679,17.0017,5.4047
2011-08,1.9032,4.5711,7.7557,17.7834,5.6001
2011-09,1.9055,4.5589,7.6903,18.1185,5.8586
2011-10,1.9066,4.5508,7.6534,17.8227,5.7594
2011-11,1.9335,4.6074,7.766,18.1096,5.8309
2011-12,1.9337,4.5877,7.7278,18.2878,5.8875
2012-01,1.9284,4.5669,7.6894,18.2815,5.8329
2012-02,1.951,4.6254,7.7872,18.2326,5.7084
2012-03,1.9446,4.6042,7.7362,17.911,5.5891
2012-04,1.9362,4.5932,7.7038,18.2214,5.6364
2012-05,1.9433,4.6316,7.7754,18.8024,5.7402
2012-06,1.9277,4.5952,7.728,18.6497,5.6847
2012-07,1.913,4.5665,7.681,18.7937,5.6994
2012-08,1.9295,4.6006,7.7865,18.8632,5.612
2012-09,1.9198,4.5728,7.737,18.7209,5.5617
2012-10,1.9086,4.5372,7.6732,18.6493,5.4958
2012-11,1.9215,4.5719,7.7695,18.881,5.4706
2012-12,1.9054,4.5293,7.7117,18.6746,5.411
2013-01,1.8963,4.4955,7.653,18.3551,5.2624
2013-02,1.9098,4.5458,7.8366,18.5663,5.2439
2013-03,1.8973,4.5191,7.8053,18.5454,5.2609
2013-04,1.8883,4.4985,7.7828,18.7219,5.3218
2013-05,1.9006,4.534,7.8689,18.3701,5.1509
2013-06,1.8965,4.5165,7.8134,18.0219,5.0876
2013-07,1.8939,4.5063,7.7815,17.8498,5.0238
2013-08,1.9088,4.5476,7.8971,17.8473,4.9763
2013-09,1.9083,4.5405,7.8591,17.8728,5.0173
2013-10,1.9053,4.5316,7.8052,17.8946,5.0218
2013-11,1.9281,4.6095,7.9556,17.789,4.9532
2013-12,1.923,4.5928,7.8715,17.4859,4.9254
2014-01,1.9198,4.5842,7.8037,17.7538,5.0124
2014-02,1.949,4.6426,7.9681,17.9163,5.0171
2014-03,1.9436,4.6242,7.8862,17.8002,5.0636
2014-04,1.9424,4.6124,7.8295,17.8177,5.0924
2014-05,1.9596,4.6561,7.9334,18.1023,5.1456
2014-06,1.9538,4.6404,7.8731,17.979,5.1774
2014-07,1.9433,4.6205,7.7994,17.8923,5.1764
2014-08,1.9597,4.6791,7.9137,18.2517,5.2551
2014-09,1.9505,4.6633,7.8628,18.0389,5.2573
2014-10,1.9396,4.6538,7.8262,18.1724,5.3163
2014-11,1.9512,4.7096,7.9809,18.4356,5.3766
2014-12,1.9346,4.6827,7.9035,18.4736,5.4795
2015-01,1.9156,4.6648,7.8846,18.8223,5.6809
2015-02,1.9208,4.6966,7.9449,18.6309,5.5632
2015-03,1.9032,4.6743,7.9112,18.6756,5.6374
2015-04,1.8883,4.6516,7.8671,18.4935,5.5767
2015-05,1.8919,4.6698,7.9192,18.513,5.5467
2015-06,1.8801,4.644,7.8709,18.248,5.511
2015-07,1.8684,4.6139,7.8121,18.3888,5.605
2015-08,1.8744,4.6259,7.8716,18.4526,5.6186
2015-09,1.8733,4.6097,7.8382,18.5619,5.7213
2015-10,1.8652,4.5785,7.7751,18.4208,5.7188
2015-11,1.8875,4.604,7.8203,18.4296,5.7292
2015-12,1.8831,4.5765,7.7575,18.3289,5.7691
2016-01,1.8853,4.5663,7.7375,18.6204,5.9126
2016-02,1.9109,4.6224,7.8478,18.9908,6.0106
2016-03,1.9053,4.5971,7.8025,18.9279,6.0519
2016-04,1.8996,4.5677,7.7511,18.8343,6.0454
2016-05,1.9184,4.6021,7.815,18.9303,6.066
2016-06,1.9182,4.5875,7.7918,19.2425,6.2793
2016-07,1.9126,4.5582,7.733,19.2316,6.3354
2016-08,1.9362,4.5931,7.8174,19.17,6.2971
2016-09,1.9372,4.5722,7.7789,19.065,6.306
2016-10,1.9332,4.5415,7.7247,18.7931,6.1912
2016-11,1.9593,4.5803,7.8043,18.3546,5.9773
2016-12,1.9543,4.5532,7.7472,18.2381,5.9972
2017-01,1.9449,4.5279,7.6919,18.1753,5.995
2017-02,1.9748,4.5805,7.7775,18.3714,6.0249
2017-03,1.9617,4.5493,7.7188,18.2756,6.0376
2017-04,1.9548,4.5272,7.6684,18.3223,6.0667
2017-05,1.9677,4.5747,7.7675,18.5122,6.0979
2017-06,1.9539,4.5445,7.7046,18.3739,6.1209
2017-07,1.9412,4.5204,7.654,18.3017,6.088
2017-08,1.9556,4.5742,7.755,18.5624,6.1595
2017-09,1.9445,4.5432,7.6881,18.3267,6.1162
2017-10,1.9321,4.5142,7.6207,18.2276,6.0953
2017-11,1.9543,4.5684,7.7165,18.2577,6.0881
2017-12,1.9413,4.5393,7.6517,18.2193,6.1539
2018-01,1.9289,4.503,7.572,17.8752,6.0367
2018-02,1.9585,4.5623,7.6738,17.828,5.951
2018-03,1.9444,4.5334,7.6185,17.9153,6.0633
2018-04,1.9276,4.5008,7.542,17.6783,5.9811
2018-05,1.9422,4.5472,7.6405,17.8817,6.0061
2018-06,1.9306,4.5198,7.5771,17.7909,6.0319
2018-07,1.9166,4.489,7.5085,17.6137,5.9624
2018-08,1.9363,4.5412,7.6194,17.8016,5.9843
2018-09,1.9255,4.5109,7.5519,17.5516,5.9264
2018-10,1.9115,4.4834,7.4962,17.3807,5.8298
2018-11,1.9334,4.5396,7.6007,17.598,5.8585
2018-12,1.9247,4.5277,7.5757,17.839,6.029
2019-01,1.9132,4.5049,7.5235,17.8275,6.0284
2019-02,1.9323,4.5508,7.6236,17.8695,5.9779
2019-03,1.9202,4.5352,7.5904,18.0886,6.1501
2019-04,1.9116,4.5138,7.544,17.9401,6.0794
2019-05,1.924,4.5588,7.6458,18.3884,6.2389
2019-06,1.9152,4.5453,7.6174,18.4612,6.3152
2019-07,1.9007,4.5145,7.548,18.3893,6.2972
2019-08,1.9187,4.5681,7.6701,18.9468,6.5716
2019-09,1.905,4.5379,7.6151,18.767,6.5305
2019-10,1.8974,4.5178,7.5781,18.7038,6.487
2019-11,1.9167,4.5552,7.6703,18.7365,6.4515
2019-12,1.9053,4.5308,7.6335,18.5734,6.4122
2020-01,1.895,4.5128,7.6025,18.8749,6.5994
2020-02,1.9266,4.5834,7.7459,19.3721,6.794
2020-03,1.8943,4.5854,7.76,19.7628,7.0386
2020-04,1.9269,4.556,7.6752,19.9158,7.0036
2020-05,1.943,4.6132,7.7974,20.0832,7.0008
2020-06,1.9333,4.5987,7.7726,20.0718,7.0671
2020-07,1.9264,4.5861,7.7409,20.136,7.1914
2020-08,1.9474,4.6495,7.888,20.1436,7.0556
2020-09,1.9406,4.6386,7.8703,20.157,7.1448
2020-10,1.9333,4.6279,7.8519,19.9774,7.0419
2020-11,1.9644,4.695,7.9973,20.1629,7.0944
2020-12,1.9561,4.6882,7.988,20.0829,7.1314
2021-01,1.9523,4.6825,7.9727,19.9041,7.005
2021-02,1.9793,4.7472,8.1154,19.7904,6.8346
2021-03,1.9668,4.7324,8.0926,19.4775,6.719
2021-04,1.9635,4.7296,8.0637,19.5546,6.7755
2021-05,1.9796,4.7843,8.2054,19.728,6.793
2021-06,1.9725,4.7675,8.1423,19.7953,6.9344
2021-07,1.9619,4.7545,8.1066,19.9539,7.0438
2021-08,1.983,4.8111,8.252,20.0521,7.0328
2021-09,1.9708,4.7888,8.2051,19.8309,6.9778
2021-10,1.9556,4.76,8.121,19.7294,7.0119
2021-11,1.9755,4.8072,8.2502,19.9374,7.0885
2021-12,1.9603,4.7761,8.1912,19.8489,7.0743
2022-01,1.9399,4.7318,8.1045,19.5116,6.9122
2022-02,1.9534,4.7598,8.1962,19.5698,6.8668
2022-03,1.9284,4.6922,8.0568,19.0413,6.7044
2022-04,1.9106,4.649,7.9853,18.4873,6.4145
2022-05,1.9205,4.6733,8.0561,18.5858,6.3542
2022-06,1.8985,4.6169,7.9557,18.3709,6.3305
2022-07,1.8831,4.5831,7.8991,18.6029,6.4118
2022-08,1.8946,4.5806,7.8865,18.2242,6.2393
2022-09,1.8748,4.5163,7.7554,17.5187,6.0225
2022-10,1.8573,4.4703,7.6862,17.1677,5.863
2022-11,1.8807,4.4912,7.7177,17.7093,6.0335
2022-12,1.8673,4.4541,7.64,17.4621,6.016
2023-01,1.8633,4.4334,7.5915,17.7519,6.1783
2023-02,1.8839,4.4441,7.5706,17.4187,6.0175
2023-03,1.8812,4.4418,7.5703,17.7504,6.2018
2023-04,1.8703,4.4114,7.5131,17.7341,6.2091
2023-05,1.8817,4.4346,7.5343,17.6216,6.1074
2023-06,1.8677,4.3865,7.4287,17.3869,6.1213
2023-07,1.8545,4.3544,7.3732,17.1824,6.0458
2023-08,1.878,4.4035,7.4232,17.1389,5.9508
2023-09,1.8672,4.3653,7.3532,16.5875,5.7875
2023-10,1.8569,4.3339,7.2914,16.1646,5.6363
2023-11,1.883,4.3959,7.3776,16.8135,5.8479
2023-12,1.8778,4.3823,7.3461,17.2332,6.1079
2024-01,1.8676,4.3535,7.2896,17.0699,6.0333
2024-02,1.8819,4.383,7.3198,16.9157,5.9313
2024-03,1.8676,4.3519,7.2628,16.9027,5.9858
2024-04,1.8572,4.3105,7.1668,16.3504,5.7739
2024-05,1.8728,4.3549,7.2541,16.6289,5.8175
2024-06,1.8629,4.3324,7.2113,16.6299,5.8766
2024-07,1.8552,4.3221,7.1951,16.8313,5.9472
2024-08,1.8711,4.3745,7.2819,17.0658,5.9688
2024-09,1.8699,4.3641,7.2553,17.1385,6.0464
2024-10,1.8549,4.3176,7.1452,16.5812,5.8543
2024-11,1.8718,4.3591,7.2126,16.7654,5.8734
2024-12,1.8642,4.3303,7.1455,16.3284,5.7411
2025-01,1.8581,4.3062,7.0912,16.2715,5.729
2025-02,1.8835,4.3608,7.1805,16.6892,5.8482
2025-03,1.8781,4.3391,7.135,16.5749,5.8505
2025-04,1.8773,4.3294,7.1123,16.4821,5.8155
2025-05,1.8903,4.3567,7.1741,16.3422,5.715
2025-06,1.8843,4.3384,7.1355,16.4066,5.7997
2025-07,1.8705,4.3055,7.0587,16.2102,5.7471
2025-08,1.891,4.3559,7.1673,16.4036,5.7412
2025-09,1.8857,4.3372,7.107,16.4231,5.835
2025-10,1.8776,4.317,7.052,16.3866,5.8395
2025-11,1.8965,4.3628,7.1673,16.5272,5.8354
2025-12,1.8893,4.3425,7.1095,16.3256,5.8091
2026-01,1.8783,4.3179,7.0452,16.1576,5.7663
2026-02,1.8968,4.3696,7.1665,16.5205,5.8648
2026-03,1.88,4.3308,7.0656,16.0695,5.7522
2026-04,1.8732,4.3106,7.0038,15.9152,5.7115
2026-05,1.8785,4.338,7.0695,15.9804,5.6965
2026-06,1.8695,4.3116,7.002,15.8994,5.7393
2026-07,1.8557,4.2822,6.9296,15.5286,5.6081
2026-08,1.8614,4.311,7.0136,15.6326,5.6007
