ym,strategy_return,benchmark_return,bbg_return,cum_strategy,cum_benchmark,cum_bbg
2007-02,0.004266666666666667,0.020013582426889165,0.016583097758427368,1.0000426666666666,1.000200135824269,1.0001658309775843
2007-03,0.0043,-0.0033417919113488126,-0.0004871447902571324,1.0000856685013333,1.0001667112170327,1.0001609587218447
2007-04,0.0042,0.005690601296476472,0.005151359254846888,1.0001276720994103,1.000223626716868,1.0002124806059554
2007-05,0.004091666666666667,-0.011695015544973236,-0.008977095946501201,1.0001685939899936,1.000106650408239,1.0001226905719025
2007-06,0.003941666666666667,-0.002463131377056338,-0.0004349126097473732,1.0002080173020733,1.0000820164675286,1.0001183409122083
2007-07,0.004016666666666667,0.019751872674346693,0.0165814592227993,1.0002481923241018,1.0002795513940603,1.0002841751270866
2007-08,0.0041333333333333335,0.016992265281469743,0.01567567929058189,1.000289535916051,1.0004495215489895,1.0004409764663738
2007-09,0.0033416666666666664,0.004708135457959839,0.0053925925925926155,1.000322962258043,1.0004966240676525,1.0004949261723641
2007-10,0.003183333333333333,0.009438281644378821,0.007865404010635624,1.0003548058723415,1.0005910537568745,1.0005736191404135
2007-11,0.003283333333333333,0.03541795763158667,0.03068975600246926,1.0003876508551341,1.0009454426723594,1.0008806927427527
2007-12,0.002625,5.8459620119438727e-05,0.0008006657504191494,1.0004139110309689,1.0009460278212627,1.000888706451662
2008-01,0.0028,0.025214532246326915,0.025386626350436314,1.0004419226204777,1.0011984116802162,1.0011427983277525
2008-02,0.0016333333333333332,0.009940270703978016,0.011396098909537633,1.0004582631718806,1.001297933512621,1.0012568895512757
2008-03,0.0015416666666666669,0.010436264518955074,0.006936767296361612,1.0004736869034379,1.0014024316135852,1.0013263444117426
2008-04,0.00115,-0.019622923956916616,-0.017186255821248442,1.0004851923508373,1.001205927175927,1.0011542539045866
2008-05,0.0011916666666666666,-0.014479970313647061,-0.011674226475083316,1.0004971147993793,1.0010609528548935,1.0010373768896208
2008-06,0.001575,0.010824855276153178,0.007856118146080338,1.0005128726289374,1.001169316254266,1.0011160195686357
2008-07,0.0015833333333333333,0.002602436172792544,0.004227105233969741,1.0005287140827541,1.0011953710467032,1.0011583377962971
2008-08,0.0014,0.015788156358902516,0.012492943573129134,1.0005427214847513,1.0013534413373422,1.0012834119425158
2008-09,0.0014333333333333333,0.007730588608138106,0.006120915349558942,1.0005570625970925,1.0014308518524055,1.00134469965257
2008-10,0.00442998487679036,-0.001625505636385749,-0.0011022901131203522,1.0006013871236492,1.0014145735374642,1.0013336619289475
2008-11,0.06897360136571812,0.06897360136571812,0.053070823408809975,1.0012915379356637,1.002105285233434,1.0018650779484028
2008-12,0.052262226758698294,0.052262226758698294,0.03387617673331955,1.0018148351897354,1.0026290077699636,1.002204471532838
2009-01,-0.04691354748399737,-0.04691354748399737,-0.029160574239000425,1.001344848311327,1.0021586389343151,1.0019122229538902
2009-02,-0.007586583321010754,-0.007586583321010754,-0.005259945118576859,1.0012688804500793,1.0020826093341637,1.0018595229208265
2009-03,0.02444519420407948,0.02444519420407948,0.021787629398101638,1.0015136425724105,1.0023275703741008,1.00207780436077
2009-04,-0.027809776727503066,-0.027809776727503066,-0.01824162008037533,1.0012351238645156,1.0020488253147015,1.001895009134789
2009-05,-0.01638632326651071,-0.01638632326651071,-0.010090673130795702,1.0010710582404614,1.001884626354897,1.0017939111843035
2009-06,-0.0010670736344658704,-0.0010670736344658704,-0.0021195617647229437,1.0010603760751366,1.0018739355082014,1.0017726775436007
2009-07,0.00435855387614692,0.00435855387614692,0.0041844636594090545,1.0011040078309608,1.0019176027234515,1.0018145963572425
2009-08,0.011406395335736952,0.011406395335736952,0.008904642517506778,1.001218197711816,1.0020318854061565,1.0019038043657362
2009-09,0.01096116340528247,0.01096116340528247,0.0077806341045414396,1.0013279428745105,1.002141719758489,1.0019817588348334
2009-10,-0.005359800626614397,-0.005359800626614397,-0.0004874951817336326,1.001274273693154,1.0020880069603137,1.0019768742220372
2009-11,0.013704283502408432,0.013704283502408432,0.013923074305547622,1.0014114911582574,1.0022253359417312,1.0021163802067594
2009-12,-0.03497011671290309,-0.03497011671290309,-0.026121343990692547,1.001061296391023,1.0018748565720261,1.0018546139398985
2010-01,0.01812005521020199,0.01812005521020199,0.015806008810471672,1.001242689250617,1.002056396849174,1.0020129671684461
2010-02,0.003550521292234099,0.003550521292234099,0.0039522115988079864,1.001278238585486,1.0020919750749044,1.0020525688411561
2010-03,-0.012092126635970701,-0.012092126635970701,-0.008470280803325014,1.001157162752898,1.0019708008442696,1.0019676921747782
2010-04,0.015378591734602265,0.015378591734602265,0.010479501073509923,1.0013111266255794,1.0021248898430313,1.0020726933898358
2010-05,0.024862914207427977,0.024862914207427977,0.017104826787631477,1.0015600817519417,1.0023740472946443,1.0022440961883263
2010-06,0.02714462960055486,0.02714462960055486,0.018569075856885497,1.0018319515263603,1.0026461380169946,1.0024302036548187
2010-07,0.004406795890520149,0.004406795890520149,0.006820179484118949,1.00187610021563,1.002690322585801,1.002498571193911
2010-08,0.0327018802367966,0.0327018802367966,0.0200794339388779,1.0022037325380437,1.003018221174239,1.002699867232252
2010-09,-0.004023113995271693,-0.004023113995271693,0.0002113170865711833,1.002163412739419,1.002977868607808,1.0027019861083983
2010-10,-0.010007131124822766,-0.010007131124822766,-0.0015792614971821273,1.002063124932621,1.0028774992973433,1.0026861508220002
2010-11,-0.007814058951976538,-0.007814058951976538,-0.00698830873406342,1.001984823129303,1.0027991338583322,1.002616080018147
2010-12,-0.02338272052248158,-0.02338272052248158,-0.017990613129897914,1.001750531818433,1.0025646521394602,1.0024357032380127
2011-01,-0.005953228413380002,-0.005953228413380002,-0.00024954972549529053,1.0016908953211416,1.0025049671757265,1.002433201662467
2011-02,0.0017936736640025985,0.0017936736640025985,-0.0007434097001399742,1.0017088623869257,1.002522948843303,1.0024257494768085
2011-03,-0.0003932577213822952,-0.0003932577213822952,-0.0006082031398487731,1.0017049230894786,1.002519006344398,1.0024196526919256
2011-04,0.013452597814041845,0.013452597814041845,0.011535723794671826,1.0018396784240653,1.002653871194331,1.0025352890543235
2011-05,0.020705054798782596,0.020705054798782596,0.015615599484314568,1.002047109878479,1.002861471227804,1.0026918409497512
2011-06,-0.0069410415822726,-0.0069410415822726,-0.0033797542670058744,1.0019775573719083,1.0027918621960734,1.0026579524294716
2011-07,0.024242960352199583,0.024242960352199583,0.018224467701190905,1.0022204663938798,1.0030349686296407,1.0028406815041655
2011-08,0.04292586548706634,0.04292586548706634,0.027775171738020132,1.0026506782031679,1.0034655300710629,1.003119222225712
2011-09,0.03557043929973777,0.03557043929973777,0.01746530014047276,1.0030073254540466,1.0038224671683307,1.0032944200086402
2011-10,-0.014796159857222518,-0.014796159857222518,-0.008154110698532113,1.0028589188867927,1.0036739399914056,1.0032126102710006
2011-11,0.01124521852517818,0.01124521852517818,0.007462349057030471,1.0029716925637207,1.003786805319238,1.0032874734977633
2011-12,0.014498115503282338,0.014498115503282338,0.009661618882304879,1.003117104558174,1.00393233548968,1.0033844073097464
2012-01,0.0037366534470510415,0.0037366534470510415,0.004228810251900805,1.0031545875680394,1.0039698489619002,1.0034268385324288
2012-02,-0.010171024464944722,-0.010171024464944722,-0.007123284975673605,1.0030525564695167,1.0038677349429417,1.0033553615791977
2012-03,-0.01636209123195756,-0.01636209123195756,-0.010033245965644144,1.0028884360951227,1.003703481188302,1.003254692467861
2012-04,0.021530186917804173,0.021530186917804173,0.014544253368300897,1.003104359849991,1.0039195804239023,1.0034006083722629
2012-05,0.030007936751771824,0.030007936751771824,0.01714271619555019,1.0034053707718489,1.0042208359766345,1.0035726184908604
2012-06,-0.0056232226477681,-0.0056232226477681,-0.0034774595630138183,1.0033489470537906,1.0041643664031523,1.0035377196588668
2012-07,0.015272931279770974,0.015272931279770974,0.010064827613059046,1.0035021878489705,1.0043177317367689,1.0036387240003826
2012-08,-0.0033023505698878963,-0.0033023505698878963,-0.0012865237838255439,1.0034690486887512,1.0042845656444312,1.0036258119494945
2012-09,-0.006461757664354112,-0.006461757664354112,-0.0030588269350457775,1.0034042069505882,1.0042196712095388,1.0035951127728315
2012-10,-0.0019032222278561606,-0.0019032222278561606,-0.001693807922181656,1.0033851099386861,1.0042005586775398,1.0035781137993047
2012-11,0.007301095902154997,0.007301095902154997,0.005201541556584255,1.0034583680478306,1.0042738763233787,1.0036303153319468
2012-12,-0.008039023270928952,-0.008039023270928952,-0.004349964795185124,1.003377699796109,1.0041931425127573,1.0035866577665562
2013-01,-0.014802893861484034,-0.014802893861484034,-0.008074359669856923,1.0032291708601784,1.0040444928677068,1.0035056245702094
2013-02,0.007610655613507267,0.007610655613507267,0.005283486906034973,1.0033055231773866,1.0041209072362653,1.0035586446584848
2013-03,0.000517649322998609,0.000517649322998609,0.000981196963146802,1.003310716781635,1.004126105061344,1.0035684915454295
2013-04,0.016501905785301085,0.016501905785301085,0.00889005352472183,1.0034762821708523,1.0042918050051668,1.0036577093214851
2013-05,-0.028825512906095002,-0.028825512906095002,-0.01707510641879717,1.0031870249856256,1.0040023127413003,1.003486333699538
2013-06,-0.0176384544884422,-0.0176384544884422,-0.011005358322527026,1.0030100782987896,1.0038252222503043,1.003375896432797
2013-07,-0.005337246173404225,-0.005337246173404225,-0.0010885376980396266,1.0029565451817668,1.003771645627042,1.0033649743079114
2013-08,-0.006712738172315019,-0.006712738172315019,-0.004859177951913485,1.0028892193349066,1.0037042650646233,1.0033162190183027
2013-09,0.007539197667532138,0.007539197667532138,0.006993355068315887,1.0029648291355386,1.003779936313164,1.0033863844839566
2013-10,0.007351628979190894,0.007351628979190894,0.0048242795709554365,1.0030385633885686,1.0038537304898496,1.003434790648321
2013-11,-0.008752169589677422,-0.008752169589677422,-0.0032712533081470374,1.002950775752451,1.0037658715089248,1.0034019657545368
2013-12,-0.01314652206518041,-0.01314652206518041,-0.009071122933950626,1.0028189226074138,1.0036339112071442,1.0033109459287015
2014-01,0.02493087490257978,0.02493087490257978,0.013566885642708693,1.0030689341385084,1.0038841259220272,1.0034470639773765
2014-02,0.004247493503493127,0.004247493503493127,0.0027222650817908534,1.0031115394263215,1.0039267658350584,1.0034743804664135
2014-03,-0.0015758215744565984,-0.0015758215744565984,-0.002856988841571817,1.0030957321782672,1.0039109457404904,1.0034457113153354
2014-04,0.009145619474758948,0.009145619474758948,0.005519024169689191,1.0031874714968998,1.0040027596154533,1.0035010917266727
2014-05,0.01495728028276111,0.01495728028276111,0.009418331288703508,1.0033375210587732,1.0041529311222555,1.0035956047839774
2014-06,-0.001787166709017074,-0.001787166709017074,-0.0014235357917570246,1.0033195897446177,1.0041349852353627,1.0035813182413387
2014-07,-0.0005032523477318807,-0.0005032523477318807,-0.001629217296857055,1.003314540515227,1.0041299319024752,1.0035649677209137
2014-08,0.01806829109429725,0.01806829109429725,0.010548912568359103,1.0034958223069987,1.0043113610215364,1.0036708329119253
2014-09,-0.009071007369519019,-0.009071007369519019,-0.005474119286778434,1.0034047951270044,1.0042202598639651,1.003615890773285
2014-10,0.014387375815544612,0.014387375815544612,0.009742377894080612,1.0035491587458305,1.0043647408067675,1.0037136668259692
2014-11,0.012675490452193738,0.012675490452193738,0.008064245957108973,1.0036763635236303,1.0044920489635936,1.0037946087647673
2014-12,-0.001579759206376763,0.006844047864588115,0.001424285008925441,1.0036605078538754,1.0045607968802206,1.0038089056609005
2015-01,0.02274120640283709,0.040321333587382324,0.025866155917546818,1.0038887523615503,1.0049658491902187,1.004068552437553
2015-02,-0.007487602484566425,-0.024062131069700593,-0.015444479361147567,1.0038135851623862,1.0047240329903808,1.0039134792772
2015-03,0.005030826808880784,0.007639596821191974,0.006308496756568971,1.0038640852853395,1.004800789855667,1.003976811126479
2015-04,-0.00048101594767091527,-0.010314999732564972,-0.005261439432809434,1.0038592565389963,1.0046971446568806,1.0039239874946422
2015-05,0.0005898192539665059,-0.004755402933451641,-0.0018006020763191577,1.0038651774941743,1.0046493672593912,1.0039059108184787
2015-06,-0.0024994442472659473,-0.015713265810043092,-0.008826651885117442,1.0038400864437451,1.004491504033855,1.0038172995384766
2015-07,0.0029897406505164925,0.013866971183179533,0.008336532400627483,1.0038700986588758,1.0046307965812566,1.0039009830928958
2015-08,9.352413815150173e-05,0.0007383557095217153,0.0004371163481515783,1.0038710375197337,1.004638214330103,1.0039053713082122
2015-09,0.006537306976623802,0.010637220265162506,0.008776092195949214,1.0039366636511058,1.0047450799098292,1.0039934749691581
2015-10,-0.0029919980126699164,-0.004298763502456893,-0.0036605982702975215,1.003906625886081,1.0047018882950414,1.0039567228013795
2015-11,-0.003271461265760167,-0.0048724185765588734,-0.004090065581280111,1.0038737834696707,1.004652935013597,1.0039156603130093
2015-12,-0.0017079625302290347,-0.0016635676731166782,-0.00163805161035957,1.0038566376815983,1.0046362219321432,1.0038992156563689
2016-01,0.013244251925302097,0.02751188419726469,0.021296701126891637,1.0039895909836618,1.004912616286125,1.0041130130719425
2016-02,0.003427911151101415,0.013406729959304142,0.008911843637652517,1.0040240068548072,1.0050473422069175,1.0042024980536126
2016-03,0.00214639505073555,0.0009703184635174167,0.001583209763887261,1.0040455571763987,1.005057094366846,1.004218396685611
2016-04,-0.00044537867491811767,-0.0020399151329974774,-0.0010522863312104613,1.0040410853716004,1.0050365920550828,1.0042078294326873
2016-05,-0.001497254613935295,0.0013855929244029619,-2.736090400423663e-05,1.0040260523201239,1.0050505177709899,1.004207554672347
2016-06,0.011620619647439434,0.029747880362365364,0.022076293408122005,1.0041427263688252,1.0053494989965976,1.004429246478543
2016-07,-0.0006162502510703716,0.00595254000246162,0.004051292576497056,1.0041365383367529,1.00540934282769,1.0044699388460416
2016-08,-0.0017331914015872307,-0.006356051000268842,-0.005496947127989649,1.0041191347286103,1.0053454384970983,1.0044147236645866
2016-09,0.0010750284684000189,-0.0034764107694212065,-0.0013226272023304508,1.0041299292951653,1.0053104885600046,1.0044014390022273
2016-10,-0.0008587582537693539,-0.015965206798000176,-0.011006662162585612,1.0041213062465189,1.005149988661544,1.0042908879290802
2016-11,-0.004112751633290168,-0.03569027795239449,-0.026682832596667594,1.004080009231096,1.0047912478367522,1.0040229146726705
2016-12,0.0002656154205518124,-0.0019239323424198596,-0.0010551121812003572,1.004082676222435,1.0047719163329614,1.0040123211045957
2017-01,0.0009179484995820442,0.002216612419671027,0.0022613486199258848,1.0040918931842961,1.0047941882320484,1.004035025323363
2017-02,0.0010456268082024156,0.006991223055609397,0.00493495882118089,1.0041023922383103,1.0048644356349974,1.004084574038413
2017-03,0.00045501737836683986,-0.0010983835551985899,-0.00045734876307956807,1.0041069610786917,1.0048533983692844,1.0040799818700332
2017-04,0.0012227547601402211,0.008577871491356193,0.006946562768642028,1.0041192388443552,1.0049395934024732,1.0041497309162213
2017-05,0.0011565880985167087,0.008900785452219728,0.006526857882488857,1.0041308523679666,1.0050290409196063,1.0042152703420857
2017-06,-0.0009551388275643724,-0.0013926258063408081,-0.0016188534869190363,1.004121261524316,1.0050150446258213,1.0041990135681655
2017-07,0.001993771129509714,0.0005979869948820327,0.0016671538714509992,1.0041412814041335,1.0050210544850846,1.0042157551108972
2017-08,0.0018408513148842065,0.014912755936356215,0.010825304034181249,1.0041597661521156,1.005170930822049,1.004324464519547
2017-09,-0.0018436155871716098,-0.011459687202873797,-0.008571106349385404,1.0041412533061467,1.0050557413775225,1.0042383828016002
2017-10,-0.0007374784501654741,-0.0012288318532422404,-0.0012103287453076872,1.0041338479807944,1.0050433909324297,1.0042262282157817
2017-11,-0.002237977022367388,-0.0003238363832134272,-0.0013757978032791218,1.0041113756960027,1.0050401362362629,1.004212412093394
2017-12,-5.4177227091889435e-05,0.004943781942260167,0.003088405023562224,1.0041108316963026,1.0050898232290306,1.0042434262399764
2018-01,-0.0031624117873045865,-0.017526992133467756,-0.013584435429590314,1.0040790775770034,1.004913661214779,1.0041070054401828
2018-02,-0.000567660439948936,-0.011152381510191434,-0.007533529739922495,1.004073377817294,1.0048015894094324,1.0040313607403073
2018-03,0.0019161511739027581,0.012873398199413078,0.009430324765519194,1.00409261738111,1.0049309415191512,1.0041260441583728
2018-04,-0.001782938179437421,-0.010307740061149484,-0.008099662667458207,1.0040747150304778,1.0048273558499055,1.00404471333604
2018-05,0.0037023814273826616,0.011046860426761174,0.00897774354739167,1.004111889706244,1.0049383577254363,1.0041348538955044
2018-06,-3.139817077657536e-05,0.00044347983211368014,0.0002069269961559872,1.004111574433478,1.0049428144243782,1.004136931721595
2018-07,-0.0002829595383124772,-0.006134360862179139,-0.004183657988258149,1.0041087332040028,1.0048811676056828,1.004094922066638
2018-08,0.0031548664334204446,0.009343904337775044,0.007649940213200868,1.0041404114933818,1.0049750627406921,1.0041717347278598
2018-09,-0.001477118726532889,-0.013145891423990225,-0.009337487400348232,1.004125579147323,1.0048429498101061,1.0040779703186518
2018-10,0.0014521347351186265,-0.008385371232459082,-0.004777497201949865,1.004140160403642,1.0047586899984613,1.0040300005217144
2018-11,0.003501445010526627,0.010968093693805747,0.008875918378727476,1.0041753198191872,1.004868892872977,1.0041191174050585
2018-12,0.008043470040532963,0.02738432142363295,0.021515529781344078,1.0042560903601911,1.0051440694004874,1.004335158952804
2019-01,0.002041666666666667,0.005168647693520156,0.004707579925147698,1.004276593922036,1.005196021756247,1.004382438833128
2019-02,0.0020083333333333333,-0.004223842912187248,-0.0027107811896918133,1.0042967631436304,1.0051535638553284,1.0043552122229034
2019-03,0.002041666666666667,0.02475424430415013,0.019090049952747545,1.0043172675358778,1.0054023820241569,1.0045469441346198
2019-04,0.002,-0.005201680002821507,-0.002773214632681653,1.0043373538812284,1.0053500842095033,1.004519085891773
2019-05,0.0020250000000000003,0.030492745667420162,0.023500602238911705,1.0043576917126444,1.0056566430537486,1.0047551539265622
2019-06,0.001958333333333333,0.01012872583545299,0.009228532736846207,1.0043773603841073,1.0057585032579694,1.0048478780848673
2019-07,0.0017666666666666666,-0.0007659687696733586,-0.0011789217367446092,1.0043951043841408,1.0057507994619361,1.0048360317148113
2019-08,0.0017333333333333333,0.044497653807967996,0.033997313177875466,1.0044125138992834,1.0061983349708514,1.0051776489674376
2019-09,0.0016583333333333335,-0.011201307884488587,-0.008459590718525645,1.0044291704068058,1.0060856275974228,1.005092615052341
2019-10,0.0015666666666666665,-0.00048355178894241013,0.000682373823637894,1.0044449064638088,1.0060807626523722,1.0050994735412495
2019-11,0.0012833333333333334,-0.003833847365906251,-0.0030079277093313372,1.0044577968401085,1.0060421910515545,1.0050692408756785
2019-12,0.001325,-0.008801528209764292,-0.005614394333573802,1.0044711059059166,1.0059536439643069,1.0050128123251703
2020-01,0.0012916666666666667,0.03128108608592978,0.02443686755732588,1.004484080324368,1.0062683171896598,1.0052584059750524
2020-02,0.0012916666666666667,0.03181136487662728,0.026506679188858406,1.0044970549104055,1.006588424875679,1.0055248665957432
2020-03,0.0010583333333333332,0.03639613086678384,0.02892409431630316,1.0045076858375699,1.0069547841160866,1.005815705556531
2020-04,9.166666666666667e-05,0.004768755396024893,0.006360856746174148,1.0045086066362818,1.0070028033266898,1.005879684052692
2020-05,7.5e-05,-0.0041147953058817965,-0.0025344613107117775,1.0045093600177368,1.0069613672226083,1.0058541904212674
2020-06,0.00011666666666666668,0.0010252049918252903,0.000936325950215533,1.0045105319453234,1.0069716906408108,1.0058636084950736
2020-07,0.00013333333333333334,0.014234089175708897,0.01142724061638778,1.0045118712926993,1.0071150238892308,1.0059785509498889
2020-08,7.5e-05,-0.014107418385109927,-0.010952742790915404,1.0045126246766027,1.0069729459591914,1.0058683687066716
2020-09,9.166666666666667e-05,0.0021152612299517592,0.0013852242744063492,1.004513545479842,1.0069942460675134,1.0058823022394834
2020-10,8.333333333333333e-05,-0.012349001220102351,-0.009427418948608324,1.0045143825744631,1.0068698923357802,1.0057874735007215
2020-11,7.5e-05,0.0043625795353332,0.0034814038271973047,1.0045151359602502,1.0069138178356507,1.0058224890243175
2020-12,6.666666666666667e-05,-0.003538271938143961,-0.002315482548122305,1.0045158056370076,1.0068781904865929,1.005799199380119
2021-01,7.5e-05,-0.012644524269945362,-0.009564741736344473,1.0045165590238618,1.006750875529428,1.0057029972843121
2021-02,4.9999999999999996e-05,-0.02351791733678299,-0.018146529279030488,1.0045170612821415,1.0065141086907339,1.0055204970954499
2021-03,3.3333333333333335e-05,-0.02094999082764612,-0.015416325153078447,1.004517396121162,1.006303244077284,1.0053654827861367
2021-04,0.02421630849371348,0.00991071067583682,0.007500357062700136,1.0047606531526798,1.0064029758803261,1.0054408887871307
2021-05,0.0005444981358111445,0.0019786785803494467,0.003446837293888505,1.0047661240557055,1.0064228893604417,1.0054755446986534
2021-06,0.04361738592334374,0.012858160110462757,0.006425988116765646,1.0052043767736618,1.006552296826944,1.005540156437673
2021-07,0.03688304353761285,0.016992152376624214,0.013608143228414527,1.0055751267415893,1.0067233317269713,1.0056769917823802
2021-08,-0.0025948162841942235,-0.0022086992060300625,-0.0017528657178241813,1.0055490339144508,1.0067010962367364,1.0056593636151594
2021-09,-0.02950646724455519,-0.013794496284211005,-0.010836907319470845,1.005252331918131,1.006562226891423,1.0055503812419748
2021-10,0.023517088185808666,0.001800573449622117,-0.0007052638327882388,1.005488737995518,1.0065803507836344,1.0055432894588154
2021-11,0.016121051221018146,0.010696049918132361,0.007655107147439777,1.0056508333499918,1.0066880151204203,1.0056202648750374
2021-12,-0.012214372416368857,-0.007702491728693084,-0.005133613228008094,1.005527999411998,1.0066104750593219,1.0055686402200963
2022-01,-0.02000506605717034,-0.020461960102267335,-0.018944378887577606,1.0053268428714923,1.00640450282553,1.0053781414869183
2022-02,-0.007460174286010562,-0.007460174286010562,-0.006588952902849776,1.00525184373687,1.0063294232955968,1.0053118975946802
2022-03,-0.03495026952530725,-0.03495026952530725,-0.031135719064368628,1.004900505508076,1.0059777084498427,1.0049988865065245
2022-04,-0.04020258541563937,-0.04020258541563937,-0.030979805724888565,1.0044965095240068,1.0055732794023409,1.0046875398039474
2022-05,-0.0006967526345374453,-0.0006967526345374453,0.0018273703353965942,1.0044895106681129,1.0055662730440245,1.0047058991660134
2022-06,-0.009549924579372898,-0.009549924579372898,-0.008797270053499173,1.0043935826774364,1.005470242223353,1.0046175124748205
2022-07,0.019256039103546063,0.019256039103546063,0.015941288862669767,1.0045869890984704,1.0056638559663702,1.004777661454449
2022-08,-0.026707548093588957,-0.029724681491564542,-0.024808573149540436,1.004318688545215,1.0053649255883084,1.0045283904533169
2022-09,-0.020536217901738874,-0.042450151493545224,-0.034535775544120795,1.0041124394709076,1.0049381466543332,1.004181468783113
2022-10,-0.003361541522447109,-0.021073400642093565,-0.01393657660974812,1.0040786858143227,1.0047263720124835,1.0040415202634152
2022-11,0.014345958246126722,0.03432157839493133,0.0267781294050653,1.0042227305233478,1.0050712099619084,1.004310383800992
2022-12,0.0013449364203821368,-0.01140619837196219,-0.00518231285713644,1.0042362366805924,1.0049565695459206,1.0042583372948466
2023-01,0.007599027135215319,0.035634182400612835,0.02505951864155853,1.0043125488647193,1.0053146776029596,1.0045099996000904
2023-02,0.003916666666666666,-0.027881565881574866,-0.02339929476692104,1.0043518844395498,1.0050343801288066,1.0042749513443208
2023-03,0.004066666666666666,0.03239920150925141,0.02894455754676506,1.0043927280828502,1.005360003242862,1.0045656342855402
2023-04,0.0040416666666666665,0.005446675672747259,0.0053590045028057975,1.0044333222889437,1.005414761941582,1.0046194690031152
2023-05,0.0042499999999999994,-0.014180480736235623,-0.011609589494446682,1.004476010705141,1.0052721892949457,1.0045028368067825
2023-06,0.0046,-0.007143872370410087,-0.007509196757027103,1.0045222166016334,1.0052003739327673,1.0044274067123369
2023-07,0.0045249999999999995,-0.006591748509793938,-0.003540101659844308,1.0045676712319347,1.0051341136520981,1.00439184896104
2023-08,0.004625,-0.008934349341724851,-0.005182306126226166,1.0046141324867293,1.0050443114590315,1.0043397983007198
2023-09,0.004633333333333333,-0.030941478842351017,-0.02209415768576295,1.0046606796082012,1.004733335886045,1.0041178978819825
2023-10,0.004625,-0.018944631985331944,-0.012083190259203902,1.004707145164633,1.0045429928531275,1.0039965684059546
2023-11,0.004658333333333333,0.04499808788451176,0.03472959389766195,1.0047539477724787,1.0049950179918894,1.0043452523369083
2023-12,0.004541666666666667,0.03971494795366609,0.03365017975814366,1.0047995803476066,1.0053941512402218,1.004683216319712
2024-01,0.0045000000000000005,-0.0038901481268587557,-0.0028062131931545498,1.0048447963287224,1.0053550399184799,1.0046550227667461
2024-02,0.004516666666666666,-0.015236847809612375,-0.013119302417756606,1.00489018181869,1.0052018555011013,1.0045232190360542
2024-03,0.004541666666666667,0.005733374669071645,0.006425960881963233,1.004935820581114,1.0052594874896577,1.0045877693051597
2024-04,0.00455,-0.02870180854617793,-0.02327396233777168,1.0049815451609505,1.004970959836166,1.0043539619260817
2024-05,0.00455,0.016727717290339894,0.014567690505806086,1.0050272718212552,1.0051390685371773,1.0045002731028378
2024-06,0.00455,0.011235105327578376,0.010085417309869227,1.005073000562123,1.0052519969702163,1.004601581147259
2024-07,0.004566666666666667,0.024573206277024917,0.021878668409045732,1.005118898895815,1.0054990196170357,1.0048213745960302
2024-08,0.004508333333333334,0.01414843839301122,0.012792391323195318,1.0051642130061738,1.0056412820263685,1.0049499152783676
2024-09,0.004341666666666666,0.012642214334587065,0.012023027371755202,1.0052078538857552,1.0057684173526793,1.005070740681754
2024-10,0.003941666666666667,-0.02882018481144194,-0.023811134983336535,1.0052474758286625,1.005478553036023,1.0048314219310124
2024-11,0.0038666666666666663,0.009265655375801651,0.007772492136525644,1.0052863453977279,1.005571717213625,1.0049095223742672
2024-12,0.0038166666666666666,-0.02261552752887583,-0.015407896546980382,1.0053247138265773,1.0053443018650958,1.004754686954669
2025-01,0.0036416666666666667,0.005331033622796577,0.005174130222160178,1.0053613244015724,1.005397897107853,1.0048066742705855
2025-02,0.0035916666666666666,0.02699676816507285,0.021558670599324703,1.0053974336291405,1.0056693220472717,1.0050232972316515
2025-03,0.0036000000000000003,0.0003517206007442597,0.0022961917235044815,1.005433627936751,1.0056728591934527,1.0050463744934217
2025-04,0.0036000000000000003,0.004112484773464681,0.0063340008145533755,1.0054698235473567,1.0057142173366578,1.0051100341389687
2025-05,0.0035916666666666666,-0.013219011771355316,-0.010282245315233807,1.0055059366718524,1.0055812718558819,1.0050066862595706
2025-06,0.0036333333333333335,0.014848337004245427,0.012544405919085566,1.0055424700542182,1.0057305839519786,1.005132758377809
2025-07,0.003675,-0.005137254822277948,-0.003920727269667856,1.0055794237399927,1.0056789170090554,1.0050933498636547
2025-08,0.003675,0.009479740957431398,0.010554145426748152,1.005616378783815,1.0057742527652516,1.005199428877474
2025-09,0.0035250000000000004,0.011971863514151082,0.008471317881292961,1.0056518267611672,1.0058946626860532,1.005284582516435
2025-10,0.0033499999999999992,0.007121550366150697,0.006170613953295545,1.0056855160973637,1.0059662979810868,1.005346614747154
2025-11,0.003241666666666667,0.005948782811969644,0.006178076888226247,1.0057181170695106,1.0060261407313154,1.0054087258340063
2025-12,0.0032333333333333333,-0.0077654379957457775,-0.003303396726894725,1.0057506352886294,1.005948018395136,1.0053755131950652
2026-01,0.003058333333333333,-0.0003105093793705771,-0.000924073975202,1.0057813944955587,1.0059448948321872,1.0053662227815947
2026-02,0.003058333333333333,0.022537058250269693,0.01817793161282899,1.005812154643207,1.006171605219101,1.0055489775660305
2026-03,0.003058333333333333,-0.021059937073469037,-0.01736486813843452,1.0058429157316033,1.0059597061121908,1.0053743653120086
2026-04,0.0030833333333333338,-0.0019545630730038455,-0.0007354663226273317,1.005873929221505,1.0059400439952457,1.0053669711221354
2026-05,0.0030666666666666668,0.0010205753189233002,0.0011142908833736698,1.0059047760220012,1.0059503103710579,1.005378173834639
2026-06,0.003075,0.003997744722709806,0.0028339665263374947,1.005935707593864,1.0059905256965038,1.0054066659155485
2026-07,0.003225,-0.015860265618584418,-0.011135912190526898,1.005968149020434,1.0058309729270305,1.0052947047120744
