date,DGS2,DGS5,DGS10,DGS20,DGS3MO
2023-09-18,5.05,4.46,4.32,4.57,5.55
2023-09-19,5.08,4.51,4.37,4.6,5.54
2023-09-20,5.12,4.52,4.35,4.57,5.56
2023-09-21,5.12,4.61,4.49,4.74,5.57
2023-09-22,5.1,4.57,4.44,4.7,5.56
2023-09-25,5.09,4.62,4.55,4.84,5.58
2023-09-26,5.04,4.62,4.56,4.86,5.58
2023-09-27,5.1,4.67,4.61,4.91,5.58
2023-09-28,5.04,4.62,4.59,4.9,5.56
2023-09-29,5.03,4.6,4.59,4.92,5.55
2023-10-02,5.12,4.72,4.69,5.0,5.62
2023-10-03,5.15,4.8,4.81,5.13,5.62
2023-10-04,5.05,4.72,4.73,5.05,5.61
2023-10-05,5.03,4.68,4.72,5.06,5.61
2023-10-06,5.08,4.75,4.78,5.13,5.63
2023-10-10,4.96,4.62,4.66,5.03,5.61
2023-10-11,4.99,4.59,4.58,4.92,5.61
2023-10-12,5.06,4.69,4.7,5.05,5.63
2023-10-13,5.04,4.65,4.63,4.97,5.62
2023-10-16,5.09,4.72,4.71,5.06,5.61
2023-10-17,5.19,4.86,4.83,5.14,5.62
2023-10-18,5.19,4.92,4.91,5.2,5.61
2023-10-19,5.14,4.95,4.98,5.3,5.6
2023-10-20,5.07,4.86,4.93,5.27,5.58
2023-10-23,5.05,4.81,4.86,5.19,5.58
2023-10-24,5.02,4.82,4.83,5.15,5.58
2023-10-25,5.08,4.89,4.95,5.27,5.59
2023-10-26,5.02,4.79,4.86,5.19,5.59
2023-10-27,4.99,4.76,4.84,5.19,5.59
2023-10-30,5.03,4.8,4.88,5.21,5.6
2023-10-31,5.07,4.82,4.88,5.21,5.59
2023-11-01,4.95,4.67,4.77,5.13,5.57
2023-11-02,4.98,4.65,4.67,4.99,5.54
2023-11-03,4.83,4.49,4.57,4.93,5.53
2023-11-06,4.93,4.6,4.67,5.0,5.56
2023-11-07,4.91,4.53,4.58,4.91,5.55
2023-11-08,4.93,4.51,4.49,4.82,5.54
2023-11-09,5.03,4.65,4.62,4.97,5.54
2023-11-10,5.04,4.65,4.61,4.93,5.53
2023-11-13,5.02,4.66,4.63,4.95,5.55
2023-11-14,4.8,4.42,4.44,4.8,5.52
2023-11-15,4.9,4.52,4.53,4.87,5.53
2023-11-16,4.83,4.43,4.45,4.82,5.51
2023-11-17,4.88,4.45,4.44,4.8,5.5
2023-11-20,4.89,4.44,4.42,4.74,5.54
2023-11-21,4.86,4.41,4.41,4.75,5.53
2023-11-22,4.89,4.44,4.42,4.73,5.54
2023-11-24,4.92,4.49,4.47,4.79,5.54
2023-11-27,4.84,4.38,4.39,4.72,5.49
2023-11-28,4.73,4.29,4.34,4.7,5.47
2023-11-29,4.64,4.22,4.27,4.62,5.45
2023-11-30,4.73,4.31,4.37,4.72,5.45
2023-12-01,4.56,4.14,4.22,4.58,5.43
2023-12-04,4.64,4.23,4.28,4.61,5.46
2023-12-05,4.57,4.14,4.18,4.48,5.45
2023-12-06,4.6,4.12,4.12,4.4,5.45
2023-12-07,4.58,4.11,4.14,4.42,5.44
2023-12-08,4.71,4.24,4.23,4.49,5.44
2023-12-11,4.71,4.25,4.23,4.51,5.47
2023-12-12,4.73,4.23,4.2,4.48,5.46
2023-12-13,4.46,4.0,4.04,4.36,5.44
2023-12-14,4.37,3.9,3.92,4.21,5.43
2023-12-15,4.44,3.91,3.91,4.19,5.44
2023-12-18,4.43,3.94,3.95,4.23,5.46
2023-12-19,4.41,3.94,3.93,4.23,5.43
2023-12-20,4.34,3.86,3.86,4.17,5.44
2023-12-21,4.33,3.87,3.89,4.19,5.42
2023-12-22,4.31,3.87,3.9,4.21,5.44
2023-12-26,4.26,3.89,3.89,4.2,5.45
2023-12-27,4.2,3.78,3.79,4.1,5.44
2023-12-28,4.26,3.83,3.84,4.14,5.45
2023-12-29,4.23,3.84,3.88,4.2,5.4
2024-01-02,4.33,3.93,3.95,4.25,5.46
2024-01-03,4.33,3.9,3.91,4.21,5.48
2024-01-04,4.38,3.97,3.99,4.3,5.48
2024-01-05,4.4,4.02,4.05,4.37,5.47
2024-01-08,4.36,3.97,4.01,4.33,5.49
2024-01-09,4.36,3.97,4.02,4.33,5.47
2024-01-10,4.37,3.99,4.04,4.35,5.46
2024-01-11,4.26,3.9,3.98,4.32,5.46
2024-01-12,4.14,3.84,3.96,4.32,5.45
2024-01-16,4.22,3.95,4.07,4.43,5.45
2024-01-17,4.34,4.02,4.1,4.42,5.47
2024-01-18,4.34,4.04,4.14,4.48,5.45
2024-01-19,4.39,4.08,4.15,4.47,5.45
2024-01-22,4.37,4.03,4.11,4.44,5.46
2024-01-23,4.31,4.06,4.14,4.48,5.45
2024-01-24,4.34,4.06,4.18,4.52,5.44
2024-01-25,4.28,4.01,4.14,4.49,5.44
2024-01-26,4.34,4.04,4.15,4.49,5.44
2024-01-29,4.29,3.97,4.08,4.42,5.42
2024-01-30,4.36,4.0,4.06,4.4,5.42
2024-01-31,4.27,3.91,3.99,4.34,5.42
2024-02-01,4.2,3.8,3.87,4.21,5.42
2024-02-02,4.36,3.99,4.03,4.33,5.43
2024-02-05,4.46,4.13,4.17,4.46,5.42
2024-02-06,4.39,4.03,4.09,4.39,5.44
2024-02-07,4.41,4.06,4.09,4.41,5.43
2024-02-08,4.46,4.12,4.15,4.47,5.44
2024-02-09,4.48,4.14,4.17,4.48,5.44
2024-02-12,4.46,4.13,4.17,4.48,5.43
2024-02-13,4.64,4.31,4.31,4.59,5.45
2024-02-14,4.56,4.25,4.27,4.57,5.43
2024-02-15,4.56,4.22,4.24,4.54,5.43
2024-02-16,4.64,4.29,4.3,4.58,5.44
2024-02-20,4.59,4.25,4.27,4.56,5.44
2024-02-21,4.64,4.3,4.32,4.59,5.44
2024-02-22,4.69,4.33,4.33,4.58,5.45
2024-02-23,4.67,4.28,4.26,4.51,5.46
2024-02-26,4.69,4.29,4.28,4.53,5.47
2024-02-27,4.7,4.32,4.31,4.57,5.45
2024-02-28,4.64,4.26,4.27,4.53,5.45
2024-02-29,4.64,4.26,4.25,4.51,5.45
2024-03-01,4.54,4.17,4.19,4.46,5.42
2024-03-04,4.61,4.21,4.22,4.48,5.48
2024-03-05,4.54,4.13,4.13,4.39,5.47
2024-03-06,4.55,4.12,4.11,4.36,5.47
2024-03-07,4.5,4.07,4.09,4.35,5.47
2024-03-08,4.48,4.06,4.09,4.36,5.46
2024-03-11,4.51,4.08,4.1,4.36,5.48
2024-03-12,4.58,4.15,4.16,4.42,5.48
2024-03-13,4.61,4.19,4.19,4.45,5.48
2024-03-14,4.68,4.29,4.29,4.54,5.48
2024-03-15,4.72,4.33,4.31,4.55,5.48
2024-03-18,4.73,4.36,4.34,4.57,5.48
2024-03-19,4.68,4.31,4.3,4.54,5.48
2024-03-20,4.59,4.25,4.27,4.53,5.47
2024-03-21,4.62,4.26,4.27,4.53,5.48
2024-03-22,4.59,4.2,4.22,4.47,5.46
2024-03-25,4.54,4.23,4.25,4.51,5.46
2024-03-26,4.56,4.22,4.24,4.49,5.46
2024-03-27,4.54,4.18,4.2,4.45,5.45
2024-03-28,4.59,4.21,4.2,4.45,5.46
2024-04-01,4.72,4.34,4.33,4.58,5.44
2024-04-02,4.7,4.35,4.36,4.61,5.42
2024-04-03,4.68,4.34,4.36,4.61,5.42
2024-04-04,4.65,4.3,4.31,4.57,5.41
2024-04-05,4.73,4.38,4.39,4.65,5.43
2024-04-08,4.78,4.43,4.42,4.65,5.43
2024-04-09,4.74,4.37,4.36,4.6,5.43
2024-04-10,4.97,4.61,4.55,4.76,5.45
2024-04-11,4.93,4.61,4.56,4.77,5.45
2024-04-12,4.88,4.54,4.5,4.73,5.45
2024-04-15,4.93,4.65,4.63,4.85,5.45
2024-04-16,4.97,4.69,4.67,4.88,5.45
2024-04-17,4.93,4.62,4.59,4.81,5.45
2024-04-18,4.98,4.68,4.64,4.85,5.46
2024-04-19,4.97,4.66,4.62,4.83,5.45
2024-04-22,4.97,4.66,4.62,4.84,5.42
2024-04-23,4.86,4.63,4.61,4.84,5.45
2024-04-24,4.89,4.64,4.65,4.88,5.46
2024-04-25,4.96,4.7,4.7,4.93,5.47
2024-04-26,4.96,4.68,4.67,4.89,5.46
2024-04-29,4.97,4.65,4.63,4.86,5.45
2024-04-30,5.04,4.72,4.69,4.9,5.46
2024-05-01,4.96,4.64,4.63,4.85,5.46
2024-05-02,4.87,4.57,4.58,4.82,5.46
2024-05-03,4.81,4.48,4.5,4.75,5.45
2024-05-06,4.82,4.48,4.49,4.73,5.45
2024-05-07,4.82,4.48,4.47,4.7,5.45
2024-05-08,4.84,4.5,4.48,4.73,5.45
2024-05-09,4.8,4.47,4.45,4.7,5.46
2024-05-10,4.87,4.52,4.5,4.74,5.47
2024-05-13,4.85,4.5,4.48,4.72,5.45
2024-05-14,4.81,4.46,4.45,4.69,5.44
2024-05-15,4.73,4.35,4.36,4.61,5.45
2024-05-16,4.78,4.4,4.38,4.62,5.45
2024-05-17,4.83,4.44,4.42,4.66,5.46
2024-05-20,4.82,4.46,4.44,4.68,5.45
2024-05-21,4.82,4.43,4.41,4.65,5.45
2024-05-22,4.86,4.47,4.43,4.63,5.45
2024-05-23,4.91,4.52,4.47,4.67,5.46
2024-05-24,4.93,4.53,4.46,4.65,5.46
2024-05-28,4.94,4.56,4.54,4.74,5.46
2024-05-29,4.96,4.63,4.61,4.82,5.46
2024-05-30,4.92,4.57,4.55,4.76,5.46
2024-05-31,4.89,4.52,4.51,4.73,5.46
2024-06-03,4.82,4.42,4.41,4.63,5.52
2024-06-04,4.77,4.35,4.33,4.56,5.52
2024-06-05,4.72,4.31,4.29,4.52,5.51
2024-06-06,4.72,4.29,4.28,4.51,5.51
2024-06-07,4.87,4.46,4.43,4.64,5.52
2024-06-10,4.87,4.48,4.47,4.68,5.52
2024-06-11,4.81,4.41,4.39,4.62,5.52
2024-06-12,4.75,4.32,4.31,4.56,5.51
2024-06-13,4.68,4.24,4.24,4.5,5.51
2024-06-14,4.67,4.22,4.2,4.46,5.51
2024-06-17,4.75,4.3,4.28,4.52,5.52
2024-06-18,4.69,4.24,4.22,4.47,5.5
2024-06-20,4.7,4.26,4.25,4.49,5.5
2024-06-21,4.7,4.26,4.25,4.49,5.49
2024-06-24,4.71,4.27,4.25,4.48,5.5
2024-06-25,4.65,4.25,4.23,4.46,5.49
2024-06-26,4.71,4.32,4.32,4.55,5.5
2024-06-27,4.7,4.29,4.29,4.53,5.49
2024-06-28,4.71,4.33,4.36,4.61,5.48
2024-07-01,4.77,4.44,4.48,4.76,5.47
2024-07-02,4.74,4.39,4.43,4.71,5.47
2024-07-03,4.71,4.33,4.36,4.64,5.47
2024-07-05,4.6,4.22,4.28,4.57,5.46
2024-07-08,4.62,4.23,4.28,4.57,5.46
2024-07-09,4.62,4.24,4.3,4.59,5.46
2024-07-10,4.62,4.24,4.28,4.58,5.46
2024-07-11,4.5,4.13,4.2,4.51,5.44
2024-07-12,4.45,4.1,4.18,4.5,5.43
2024-07-15,4.44,4.13,4.23,4.56,5.43
2024-07-16,4.43,4.09,4.17,4.48,5.43
2024-07-17,4.42,4.07,4.16,4.46,5.43
2024-07-18,4.46,4.11,4.2,4.51,5.43
2024-07-19,4.49,4.16,4.25,4.55,5.43
2024-07-22,4.5,4.17,4.26,4.57,5.43
2024-07-23,4.4,4.15,4.25,4.56,5.41
2024-07-24,4.37,4.12,4.28,4.62,5.4
2024-07-25,4.41,4.13,4.27,4.59,5.39
2024-07-26,4.36,4.06,4.2,4.53,5.38
2024-07-29,4.36,4.05,4.17,4.51,5.41
2024-07-30,4.35,4.03,4.15,4.5,5.4
2024-07-31,4.29,3.97,4.09,4.44,5.41
2024-08-01,4.16,3.84,3.99,4.35,5.37
2024-08-02,3.88,3.62,3.8,4.19,5.29
2024-08-05,3.89,3.62,3.78,4.16,5.35
2024-08-06,3.99,3.73,3.9,4.28,5.34
2024-08-07,4.0,3.79,3.96,4.35,5.34
2024-08-08,4.04,3.83,3.99,4.38,5.34
2024-08-09,4.05,3.8,3.94,4.33,5.33
2024-08-12,4.01,3.75,3.9,4.3,5.33
2024-08-13,3.93,3.68,3.85,4.25,5.32
2024-08-14,3.94,3.67,3.83,4.22,5.32
2024-08-15,4.08,3.79,3.92,4.28,5.34
2024-08-16,4.06,3.77,3.89,4.26,5.33
2024-08-19,4.06,3.75,3.86,4.23,5.31
2024-08-20,3.99,3.7,3.82,4.19,5.29
2024-08-21,3.92,3.64,3.79,4.15,5.26
2024-08-22,3.99,3.72,3.86,4.21,5.28
2024-08-23,3.9,3.65,3.81,4.18,5.25
2024-08-26,3.91,3.66,3.82,4.19,5.24
2024-08-27,3.83,3.66,3.83,4.21,5.23
2024-08-28,3.83,3.63,3.84,4.22,5.21
2024-08-29,3.87,3.66,3.87,4.24,5.22
2024-08-30,3.91,3.71,3.91,4.28,5.21
2024-09-03,3.88,3.65,3.84,4.21,5.19
2024-09-04,3.76,3.56,3.77,4.14,5.18
2024-09-05,3.75,3.54,3.73,4.11,5.15
2024-09-06,3.66,3.5,3.72,4.1,5.13
2024-09-09,3.68,3.49,3.7,4.08,5.11
2024-09-10,3.59,3.43,3.65,4.04,5.06
2024-09-11,3.62,3.45,3.65,4.03,5.1
2024-09-12,3.64,3.47,3.68,4.07,5.06
2024-09-13,3.57,3.43,3.66,4.05,4.97
2024-09-16,3.56,3.41,3.63,4.01,4.96
2024-09-17,3.59,3.44,3.65,4.02,4.95
2024-09-18,3.61,3.47,3.7,4.08,4.84
2024-09-19,3.59,3.49,3.73,4.11,4.8
2024-09-20,3.55,3.48,3.73,4.1,4.75
2024-09-23,3.57,3.51,3.75,4.12,4.72
2024-09-24,3.49,3.47,3.74,4.13,4.69
2024-09-25,3.53,3.52,3.79,4.18,4.69
2024-09-26,3.6,3.55,3.79,4.17,4.68
2024-09-27,3.55,3.5,3.75,4.15,4.68
2024-09-30,3.66,3.58,3.81,4.19,4.73
2024-10-01,3.61,3.51,3.74,4.14,4.71
2024-10-02,3.63,3.55,3.79,4.19,4.69
2024-10-03,3.7,3.62,3.85,4.24,4.68
2024-10-04,3.93,3.81,3.98,4.33,4.73
2024-10-07,3.99,3.86,4.03,4.37,4.77
2024-10-08,3.98,3.86,4.04,4.38,4.75
2024-10-09,3.99,3.91,4.06,4.41,4.75
2024-10-10,3.98,3.91,4.09,4.44,4.75
2024-10-11,3.95,3.88,4.08,4.44,4.73
2024-10-15,3.95,3.86,4.03,4.37,4.73
2024-10-16,3.93,3.84,4.02,4.36,4.72
2024-10-17,3.96,3.9,4.09,4.44,4.74
2024-10-18,3.95,3.88,4.08,4.44,4.73
2024-10-21,4.02,3.98,4.19,4.54,4.73
2024-10-22,4.03,4.0,4.2,4.55,4.72
2024-10-23,4.07,4.05,4.24,4.58,4.73
2024-10-24,4.07,4.03,4.21,4.54,4.7
2024-10-25,4.11,4.07,4.25,4.58,4.73
2024-10-28,4.12,4.11,4.28,4.61,4.7
2024-10-29,4.11,4.11,4.28,4.61,4.7
2024-10-30,4.15,4.14,4.29,4.6,4.67
2024-10-31,4.16,4.15,4.28,4.58,4.64
2024-11-01,4.21,4.22,4.37,4.68,4.61
2024-11-04,4.17,4.17,4.31,4.6,4.65
2024-11-05,4.19,4.16,4.26,4.55,4.64
2024-11-06,4.27,4.27,4.42,4.71,4.64
2024-11-07,4.21,4.17,4.31,4.62,4.63
2024-11-08,4.26,4.2,4.3,4.58,4.63
2024-11-12,4.34,4.32,4.43,4.7,4.63
2024-11-13,4.27,4.3,4.44,4.73,4.6
2024-11-14,4.34,4.32,4.43,4.69,4.61
2024-11-15,4.31,4.3,4.43,4.7,4.6
2024-11-18,4.29,4.28,4.42,4.7,4.63
2024-11-19,4.27,4.25,4.39,4.66,4.62
2024-11-20,4.31,4.28,4.41,4.66,4.62
2024-11-21,4.34,4.3,4.43,4.68,4.63
2024-11-22,4.37,4.3,4.41,4.67,4.63
2024-11-25,4.21,4.17,4.27,4.53,4.62
2024-11-26,4.21,4.17,4.3,4.56,4.61
2024-11-27,4.19,4.11,4.25,4.52,4.6
2024-11-29,4.13,4.05,4.18,4.45,4.58
2024-12-02,4.17,4.08,4.19,4.46,4.51
2024-12-03,4.17,4.11,4.23,4.5,4.49
2024-12-04,4.13,4.07,4.19,4.45,4.47
2024-12-05,4.15,4.07,4.17,4.43,4.46
2024-12-06,4.1,4.03,4.15,4.42,4.42
2024-12-09,4.13,4.07,4.2,4.47,4.42
2024-12-10,4.15,4.09,4.22,4.49,4.41
2024-12-11,4.15,4.13,4.26,4.55,4.38
2024-12-12,4.18,4.18,4.32,4.62,4.35
2024-12-13,4.25,4.25,4.4,4.69,4.34
2024-12-16,4.25,4.25,4.39,4.68,4.37
2024-12-17,4.25,4.26,4.4,4.68,4.38
2024-12-18,4.35,4.4,4.5,4.74,4.36
2024-12-19,4.32,4.43,4.57,4.82,4.35
2024-12-20,4.3,4.37,4.52,4.79,4.34
2024-12-23,4.3,4.44,4.59,4.85,4.36
2024-12-24,4.29,4.43,4.59,4.84,4.4
2024-12-26,4.3,4.42,4.58,4.83,4.35
2024-12-27,4.31,4.45,4.62,4.89,4.31
2024-12-30,4.24,4.37,4.55,4.84,4.37
2024-12-31,4.25,4.38,4.58,4.86,4.37
2025-01-02,4.25,4.38,4.57,4.86,4.36
2025-01-03,4.28,4.41,4.6,4.88,4.34
2025-01-06,4.28,4.42,4.62,4.91,4.35
2025-01-07,4.3,4.46,4.67,4.97,4.35
2025-01-08,4.28,4.45,4.67,4.97,4.35
2025-01-09,4.27,4.46,4.68,4.98,4.35
2025-01-10,4.4,4.59,4.77,5.04,4.36
2025-01-13,4.4,4.61,4.79,5.05,4.37
2025-01-14,4.37,4.59,4.78,5.06,4.36
2025-01-15,4.27,4.45,4.66,4.95,4.35
2025-01-16,4.23,4.39,4.61,4.91,4.34
2025-01-17,4.27,4.42,4.61,4.91,4.34
2025-01-21,4.29,4.4,4.57,4.87,4.36
2025-01-22,4.29,4.43,4.6,4.89,4.36
2025-01-23,4.29,4.45,4.65,4.92,4.36
2025-01-24,4.27,4.43,4.63,4.91,4.35
2025-01-27,4.17,4.32,4.53,4.82,4.32
2025-01-28,4.19,4.33,4.55,4.84,4.31
2025-01-29,4.21,4.35,4.55,4.85,4.31
2025-01-30,4.18,4.31,4.52,4.81,4.3
2025-01-31,4.22,4.36,4.58,4.88,4.31
2025-02-03,4.26,4.35,4.54,4.82,4.34
2025-02-04,4.21,4.31,4.52,4.81,4.33
2025-02-05,4.17,4.24,4.43,4.69,4.33
2025-02-06,4.21,4.28,4.45,4.7,4.34
2025-02-07,4.29,4.34,4.49,4.75,4.35
2025-02-10,4.28,4.34,4.51,4.76,4.35
2025-02-11,4.29,4.37,4.54,4.8,4.35
2025-02-12,4.36,4.48,4.62,4.9,4.35
2025-02-13,4.31,4.39,4.52,4.79,4.34
2025-02-14,4.26,4.33,4.47,4.75,4.34
2025-02-18,4.29,4.4,4.55,4.83,4.34
2025-02-19,4.28,4.37,4.53,4.79,4.34
2025-02-20,4.28,4.34,4.5,4.77,4.33
2025-02-21,4.19,4.26,4.42,4.69,4.32
2025-02-24,4.13,4.23,4.4,4.69,4.31
2025-02-25,4.07,4.12,4.3,4.59,4.3
2025-02-26,4.05,4.06,4.25,4.55,4.31
2025-02-27,4.07,4.09,4.29,4.59,4.32
2025-02-28,3.99,4.03,4.24,4.55,4.32
2025-03-03,3.96,3.97,4.16,4.49,4.35
2025-03-04,3.96,4.01,4.22,4.56,4.34
2025-03-05,3.99,4.08,4.28,4.61,4.35
2025-03-06,3.96,4.06,4.29,4.63,4.34
2025-03-07,3.99,4.09,4.32,4.66,4.34
2025-03-10,3.89,3.98,4.22,4.58,4.33
2025-03-11,3.94,4.03,4.28,4.63,4.34
2025-03-12,4.01,4.09,4.32,4.67,4.35
2025-03-13,3.94,4.02,4.27,4.63,4.34
2025-03-14,4.02,4.09,4.31,4.65,4.33
2025-03-17,4.06,4.11,4.31,4.64,4.34
2025-03-18,4.04,4.07,4.29,4.61,4.34
2025-03-19,3.99,4.03,4.25,4.58,4.33
2025-03-20,3.95,4.01,4.24,4.57,4.33
2025-03-21,3.94,4.0,4.25,4.6,4.33
2025-03-24,4.04,4.09,4.34,4.68,4.33
2025-03-25,3.96,4.07,4.31,4.67,4.33
2025-03-26,3.98,4.08,4.35,4.71,4.33
2025-03-27,3.97,4.09,4.38,4.75,4.33
2025-03-28,3.89,3.98,4.27,4.65,4.33
2025-03-31,3.89,3.96,4.23,4.62,4.32
2025-04-01,3.87,3.91,4.17,4.56,4.32
2025-04-02,3.91,3.95,4.2,4.58,4.32
2025-04-03,3.71,3.75,4.06,4.51,4.31
2025-04-04,3.68,3.72,4.01,4.44,4.28
2025-04-07,3.73,3.82,4.15,4.61,4.29
2025-04-08,3.71,3.88,4.26,4.76,4.31
2025-04-09,3.91,4.06,4.34,4.78,4.35
2025-04-10,3.84,4.04,4.4,4.9,4.34
2025-04-11,3.96,4.15,4.48,4.91,4.34
2025-04-14,3.84,4.02,4.38,4.84,4.33
2025-04-15,3.84,3.98,4.35,4.82,4.33
2025-04-16,3.77,3.91,4.29,4.77,4.33
2025-04-17,3.81,3.95,4.34,4.82,4.34
2025-04-21,3.75,3.97,4.42,4.94,4.34
2025-04-22,3.76,3.98,4.41,4.9,4.33
2025-04-23,3.81,4.0,4.4,4.86,4.33
2025-04-24,3.77,3.91,4.32,4.79,4.32
2025-04-25,3.74,3.88,4.29,4.75,4.32
2025-04-28,3.67,3.81,4.23,4.71,4.32
2025-04-29,3.65,3.77,4.19,4.66,4.31
2025-04-30,3.6,3.72,4.17,4.68,4.31
2025-05-01,3.7,3.81,4.25,4.75,4.31
2025-05-02,3.83,3.92,4.33,4.81,4.33
2025-05-05,3.83,3.95,4.36,4.84,4.33
2025-05-06,3.78,3.9,4.3,4.82,4.33
2025-05-07,3.78,3.87,4.26,4.78,4.34
2025-05-08,3.9,4.0,4.37,4.86,4.34
2025-05-09,3.88,4.0,4.37,4.86,4.34
2025-05-12,3.98,4.09,4.45,4.92,4.42
2025-05-13,4.02,4.12,4.49,4.97,4.41
2025-05-14,4.05,4.17,4.53,5.0,4.41
2025-05-15,3.96,4.07,4.45,4.93,4.38
2025-05-16,3.98,4.06,4.43,4.92,4.37
2025-05-19,3.97,4.07,4.46,4.95,4.39
2025-05-20,3.97,4.07,4.48,4.99,4.38
2025-05-21,4.0,4.15,4.58,5.08,4.36
2025-05-22,4.0,4.11,4.54,5.05,4.37
2025-05-23,4.0,4.08,4.51,5.03,4.36
2025-05-27,3.92,4.04,4.43,4.95,4.35
2025-05-28,3.96,4.05,4.47,4.99,4.35
2025-05-29,3.92,4.0,4.43,4.94,4.36
2025-05-30,3.89,3.96,4.41,4.93,4.36
2025-06-02,3.94,4.01,4.46,5.0,4.44
2025-06-03,3.96,4.04,4.46,5.0,4.43
2025-06-04,3.87,3.93,4.37,4.9,4.44
2025-06-05,3.92,3.99,4.4,4.9,4.44
2025-06-06,4.04,4.13,4.51,4.99,4.43
2025-06-09,4.01,4.09,4.49,4.98,4.44
2025-06-10,4.01,4.08,4.47,4.96,4.45
2025-06-11,3.94,4.02,4.41,4.93,4.45
2025-06-12,3.9,3.97,4.36,4.86,4.46
2025-06-13,3.96,4.02,4.41,4.93,4.45
2025-06-16,3.97,4.04,4.46,4.97,4.43
2025-06-17,3.94,3.99,4.39,4.89,4.42
2025-06-18,3.94,3.98,4.38,4.89,4.42
2025-06-20,3.9,3.96,4.38,4.9,4.39
2025-06-23,3.84,3.91,4.34,4.87,4.38
2025-06-24,3.75,3.86,4.3,4.83,4.38
2025-06-25,3.74,3.83,4.29,4.83,4.38
2025-06-26,3.7,3.79,4.26,4.81,4.39
2025-06-27,3.73,3.83,4.29,4.85,4.39
2025-06-30,3.72,3.79,4.24,4.79,4.41
2025-07-01,3.78,3.84,4.26,4.79,4.4
2025-07-02,3.78,3.87,4.3,4.84,4.41
2025-07-03,3.88,3.94,4.35,4.87,4.42
2025-07-07,3.9,3.96,4.4,4.93,4.42
2025-07-08,3.9,3.99,4.42,4.95,4.42
2025-07-09,3.86,3.92,4.34,4.87,4.42
2025-07-10,3.86,3.93,4.35,4.87,4.42
2025-07-11,3.9,3.99,4.43,4.96,4.41
2025-07-14,3.9,3.98,4.43,4.97,4.42
2025-07-15,3.95,4.05,4.5,5.02,4.42
2025-07-16,3.88,3.99,4.46,5.01,4.41
2025-07-17,3.91,4.01,4.47,5.01,4.41
2025-07-18,3.88,3.96,4.44,4.99,4.4
2025-07-21,3.85,3.91,4.38,4.93,4.41
2025-07-22,3.83,3.88,4.35,4.9,4.41
2025-07-23,3.88,3.94,4.4,4.93,4.41
2025-07-24,3.91,3.98,4.43,4.95,4.42
2025-07-25,3.91,3.95,4.4,4.92,4.42
2025-07-28,3.91,3.96,4.42,4.95,4.4
2025-07-29,3.86,3.9,4.34,4.86,4.4
2025-07-30,3.94,3.96,4.38,4.9,4.41
2025-07-31,3.94,3.96,4.37,4.89,4.41
2025-08-01,3.69,3.77,4.23,4.79,4.35
2025-08-04,3.69,3.75,4.22,4.78,4.35
2025-08-05,3.72,3.77,4.22,4.77,4.34
2025-08-06,3.69,3.77,4.22,4.8,4.32
2025-08-07,3.72,3.79,4.23,4.81,4.32
2025-08-08,3.76,3.84,4.27,4.84,4.32
2025-08-11,3.76,3.83,4.27,4.83,4.34
2025-08-12,3.72,3.83,4.29,4.87,4.33
2025-08-13,3.67,3.77,4.24,4.81,4.29
2025-08-14,3.74,3.82,4.29,4.86,4.3
2025-08-15,3.75,3.85,4.33,4.91,4.3
2025-08-18,3.77,3.86,4.34,4.92,4.33
2025-08-19,3.75,3.82,4.3,4.89,4.3
2025-08-20,3.74,3.81,4.29,4.86,4.3
2025-08-21,3.79,3.86,4.33,4.89,4.32
2025-08-22,3.68,3.76,4.26,4.84,4.27
2025-08-25,3.73,3.8,4.28,4.86,4.29
2025-08-26,3.61,3.75,4.26,4.86,4.28
2025-08-27,3.59,3.69,4.24,4.87,4.26
2025-08-28,3.62,3.69,4.22,4.83,4.26
2025-08-29,3.59,3.68,4.23,4.86,4.23
2025-09-02,3.66,3.74,4.28,4.92,4.2
2025-09-03,3.61,3.69,4.22,4.85,4.18
2025-09-04,3.59,3.65,4.17,4.81,4.16
2025-09-05,3.51,3.59,4.1,4.72,4.07
2025-09-08,3.49,3.57,4.05,4.65,4.1
2025-09-09,3.54,3.61,4.08,4.68,4.1
2025-09-10,3.54,3.59,4.04,4.65,4.09
2025-09-11,3.52,3.59,4.01,4.61,4.08
2025-09-12,3.56,3.63,4.06,4.65,4.08
2025-09-15,3.54,3.61,4.05,4.63,4.06
2025-09-16,3.51,3.59,4.04,4.61,4.04
2025-09-17,3.52,3.62,4.06,4.62,4.02
2025-09-18,3.57,3.67,4.11,4.68,4.03
2025-09-19,3.57,3.68,4.14,4.71,4.03
2025-09-22,3.61,3.71,4.15,4.73,4.0
2025-09-23,3.53,3.68,4.12,4.7,4.0
2025-09-24,3.57,3.7,4.16,4.73,4.02
2025-09-25,3.64,3.75,4.18,4.73,4.04
2025-09-26,3.63,3.76,4.2,4.74,4.02
2025-09-29,3.63,3.74,4.15,4.69,4.04
2025-09-30,3.6,3.74,4.16,4.71,4.02
2025-10-01,3.55,3.68,4.12,4.69,4.01
2025-10-02,3.55,3.67,4.1,4.66,4.02
2025-10-03,3.58,3.72,4.13,4.69,4.03
2025-10-06,3.6,3.75,4.18,4.73,4.02
2025-10-07,3.57,3.71,4.14,4.7,4.01
2025-10-08,3.58,3.72,4.13,4.69,4.01
2025-10-09,3.6,3.74,4.14,4.7,4.03
2025-10-10,3.52,3.65,4.05,4.6,4.02
2025-10-14,3.48,3.6,4.03,4.59,4.02
2025-10-15,3.5,3.63,4.05,4.61,4.03
2025-10-16,3.41,3.55,3.99,4.56,4.02
2025-10-17,3.46,3.59,4.02,4.58,4.0
2025-10-20,3.46,3.58,4.0,4.56,3.97
2025-10-21,3.45,3.56,3.98,4.53,3.96
2025-10-22,3.45,3.56,3.97,4.52,3.96
2025-10-23,3.48,3.61,4.01,4.55,3.95
2025-10-24,3.48,3.61,4.02,4.56,3.93
2025-10-27,3.48,3.61,4.01,4.55,3.89
2025-10-28,3.47,3.6,3.99,4.53,3.89
2025-10-29,3.59,3.7,4.08,4.59,3.93
2025-10-30,3.61,3.72,4.11,4.64,3.92
2025-10-31,3.6,3.71,4.11,4.65,3.89
2025-11-03,3.6,3.72,4.13,4.67,3.98
2025-11-04,3.58,3.69,4.1,4.65,3.96
2025-11-05,3.63,3.76,4.17,4.72,3.96
2025-11-06,3.57,3.69,4.11,4.67,3.93
2025-11-07,3.55,3.67,4.11,4.68,3.92
2025-11-10,3.58,3.72,4.13,4.69,3.95
2025-11-12,3.56,3.68,4.08,4.65,3.95
2025-11-13,3.58,3.71,4.11,4.69,3.96
2025-11-14,3.62,3.74,4.14,4.73,3.95
2025-11-17,3.6,3.72,4.13,4.71,3.97
2025-11-18,3.58,3.7,4.12,4.72,3.94
2025-11-19,3.58,3.71,4.13,4.71,3.95
2025-11-20,3.55,3.68,4.1,4.68,3.94
2025-11-21,3.51,3.62,4.06,4.67,3.9
2025-11-24,3.46,3.61,4.04,4.64,3.91
2025-11-25,3.43,3.55,4.01,4.62,3.9
2025-11-26,3.45,3.56,4.0,4.6,3.92
2025-11-28,3.47,3.59,4.02,4.62,3.88
2025-12-01,3.54,3.67,4.09,4.71,3.81
2025-12-02,3.51,3.66,4.09,4.7,3.77
2025-12-03,3.49,3.62,4.06,4.68,3.72
2025-12-04,3.52,3.68,4.11,4.72,3.71
2025-12-05,3.56,3.72,4.14,4.75,3.71
2025-12-08,3.57,3.75,4.17,4.78,3.73
2025-12-09,3.61,3.78,4.18,4.77,3.73
2025-12-10,3.54,3.72,4.13,4.74,3.69
2025-12-11,3.52,3.72,4.14,4.75,3.66
2025-12-12,3.52,3.75,4.19,4.82,3.63
2025-12-15,3.51,3.73,4.18,4.8,3.65
2025-12-16,3.48,3.69,4.15,4.77,3.64
2025-12-17,3.49,3.7,4.16,4.78,3.64
2025-12-18,3.46,3.66,4.12,4.74,3.62
2025-12-19,3.48,3.7,4.16,4.77,3.62
2025-12-22,3.44,3.71,4.17,4.78,3.64
2025-12-23,3.48,3.72,4.18,4.78,3.65
2025-12-24,3.47,3.7,4.15,4.75,3.69
2025-12-26,3.46,3.68,4.14,4.76,3.64
2025-12-29,3.45,3.67,4.12,4.75,3.68
2025-12-30,3.45,3.68,4.14,4.76,3.65
2025-12-31,3.47,3.73,4.18,4.79,3.67
2026-01-02,3.47,3.74,4.19,4.81,3.65
2026-01-05,3.46,3.71,4.17,4.79,3.64
2026-01-06,3.47,3.72,4.18,4.8,3.63
2026-01-07,3.47,3.7,4.15,4.76,3.62
2026-01-08,3.49,3.74,4.19,4.79,3.62
2026-01-09,3.54,3.75,4.18,4.76,3.62
2026-01-12,3.54,3.77,4.19,4.78,3.67
2026-01-13,3.53,3.75,4.18,4.77,3.67
2026-01-14,3.51,3.72,4.15,4.73,3.67
2026-01-15,3.56,3.77,4.17,4.74,3.68
2026-01-16,3.59,3.82,4.24,4.79,3.67
2026-01-20,3.6,3.86,4.3,4.87,3.7
2026-01-21,3.6,3.83,4.26,4.82,3.7
2026-01-22,3.61,3.85,4.26,4.79,3.71
2026-01-23,3.6,3.84,4.24,4.78,3.7
2026-01-26,3.56,3.82,4.22,4.75,3.67
2026-01-27,3.53,3.81,4.24,4.79,3.67
2026-01-28,3.56,3.83,4.26,4.81,3.68
2026-01-29,3.53,3.8,4.24,4.8,3.67
2026-01-30,3.52,3.79,4.26,4.82,3.67
2026-02-02,3.57,3.83,4.29,4.85,3.69
2026-02-03,3.57,3.83,4.28,4.85,3.69
2026-02-04,3.57,3.83,4.29,4.86,3.69
2026-02-05,3.47,3.74,4.21,4.79,3.67
2026-02-06,3.5,3.76,4.22,4.8,3.68
2026-02-09,3.48,3.75,4.22,4.79,3.69
2026-02-10,3.45,3.7,4.16,4.73,3.69
2026-02-11,3.52,3.75,4.18,4.76,3.7
2026-02-12,3.47,3.67,4.09,4.68,3.7
2026-02-13,3.4,3.61,4.04,4.64,3.68
2026-02-17,3.43,3.63,4.05,4.63,3.69
2026-02-18,3.47,3.66,4.09,4.65,3.7
2026-02-19,3.47,3.65,4.08,4.64,3.69
2026-02-20,3.48,3.65,4.08,4.66,3.69
2026-02-23,3.43,3.59,4.03,4.63,3.69
2026-02-24,3.43,3.61,4.04,4.63,3.69
2026-02-25,3.45,3.61,4.05,4.63,3.69
2026-02-26,3.42,3.57,4.02,4.6,3.68
2026-02-27,3.38,3.51,3.97,4.57,3.67
2026-03-02,3.47,3.62,4.05,4.64,3.72
2026-03-03,3.51,3.63,4.06,4.65,3.71
2026-03-04,3.54,3.67,4.09,4.67,3.71
2026-03-05,3.57,3.72,4.13,4.71,3.7
2026-03-06,3.56,3.72,4.15,4.74,3.69
2026-03-09,3.56,3.71,4.12,4.7,3.71
2026-03-10,3.57,3.73,4.15,4.74,3.71
2026-03-11,3.64,3.79,4.21,4.82,3.71
2026-03-12,3.76,3.88,4.27,4.86,3.72
2026-03-13,3.73,3.87,4.28,4.89,3.72
2026-03-16,3.68,3.8,4.23,4.83,3.72
2026-03-17,3.68,3.79,4.2,4.81,3.72
2026-03-18,3.76,3.87,4.26,4.84,3.73
2026-03-19,3.79,3.88,4.25,4.82,3.73
2026-03-20,3.88,4.01,4.39,4.97,3.74
2026-03-23,3.83,3.95,4.34,4.93,3.74
2026-03-24,3.9,4.03,4.39,4.95,3.74
2026-03-25,3.84,3.96,4.33,4.9,3.73
2026-03-26,3.96,4.08,4.42,4.96,3.73
2026-03-27,3.88,4.06,4.44,4.99,3.73
2026-03-30,3.82,3.97,4.35,4.92,3.71
2026-03-31,3.79,3.92,4.3,4.88,3.7
2026-04-01,3.81,3.97,4.33,4.91,3.7
2026-04-02,3.79,3.94,4.31,4.88,3.7
2026-04-03,3.84,3.99,4.35,4.91,3.71
2026-04-06,3.84,3.98,4.34,4.89,3.72
2026-04-07,3.81,3.95,4.33,4.9,3.71
2026-04-08,3.79,3.92,4.29,4.87,3.69
2026-04-09,3.78,3.91,4.29,4.88,3.68
2026-04-10,3.81,3.94,4.31,4.89,3.69
2026-04-13,3.78,3.92,4.3,4.88,3.71
2026-04-14,3.76,3.87,4.26,4.84,3.71
2026-04-15,3.76,3.9,4.29,4.87,3.71
2026-04-16,3.78,3.91,4.32,4.9,3.7
2026-04-17,3.71,3.84,4.26,4.85,3.7
2026-04-20,3.72,3.86,4.26,4.85,3.71
2026-04-21,3.78,3.91,4.3,4.87,3.69
2026-04-22,3.79,3.91,4.3,4.87,3.69
2026-04-23,3.83,3.96,4.34,4.9,3.69
2026-04-24,3.78,3.92,4.31,4.88,3.69
2026-04-27,3.78,3.94,4.35,4.92,3.68
2026-04-28,3.84,3.97,4.36,4.92,3.68
2026-04-29,3.92,4.05,4.42,4.97,3.68
2026-04-30,3.88,4.02,4.4,4.97,3.68
2026-05-01,3.88,4.02,4.39,4.96,3.68
2026-05-04,3.95,4.08,4.45,5.01,3.7
2026-05-05,3.93,4.08,4.43,4.98,3.69
2026-05-06,3.87,3.99,4.36,4.92,3.69
2026-05-07,3.92,4.04,4.41,4.96,3.69
2026-05-08,3.9,4.02,4.38,4.93,3.69
2026-05-11,3.95,4.07,4.42,4.97,3.7
2026-05-12,4.0,4.12,4.46,5.02,3.7
2026-05-13,3.98,4.12,4.46,5.03,3.69
2026-05-14,4.0,4.13,4.47,5.01,3.69
2026-05-15,4.09,4.26,4.59,5.14,3.69
2026-05-18,4.07,4.27,4.61,5.14,3.68
2026-05-19,4.13,4.32,4.67,5.19,3.67
2026-05-20,4.04,4.22,4.57,5.1,3.65
2026-05-21,4.08,4.25,4.57,5.09,3.68
2026-05-22,4.13,4.27,4.56,5.06,3.68
2026-05-26,4.01,4.19,4.5,5.03,3.68
2026-05-27,4.0,4.17,4.48,5.01,3.68
2026-05-28,3.99,4.15,4.45,4.98,3.69
2026-05-29,3.98,4.13,4.45,4.98,3.69
2026-06-01,4.05,4.18,4.47,4.99,3.78
2026-06-02,4.05,4.17,4.46,4.97,3.77
2026-06-03,4.08,4.21,4.49,5.0,3.78
2026-06-04,4.05,4.18,4.47,4.98,3.78
2026-06-05,4.17,4.29,4.55,5.03,3.78
2026-06-08,4.15,4.29,4.56,5.05,3.8
2026-06-09,4.13,4.26,4.53,5.02,3.79
2026-06-10,4.13,4.27,4.55,5.04,3.79
2026-06-11,4.05,4.18,4.45,4.96,3.78
2026-06-12,4.09,4.21,4.48,4.98,3.78
2026-06-15,4.07,4.18,4.47,4.97,3.79
2026-06-16,4.05,4.16,4.43,4.92,3.79
2026-06-17,4.2,4.27,4.49,4.95,3.83
2026-06-18,4.19,4.23,4.46,4.91,3.83
2026-06-22,4.24,4.29,4.51,4.97,3.85
2026-06-23,4.16,4.27,4.5,4.96,3.85
2026-06-24,4.11,4.17,4.41,4.87,3.85
2026-06-25,4.09,4.15,4.4,4.87,3.84
2026-06-26,4.07,4.12,4.38,4.87,3.83
2026-06-29,4.1,4.14,4.38,4.86,3.87
2026-06-30,4.14,4.19,4.44,4.93,3.87
2026-07-01,4.17,4.24,4.48,4.97,3.85
2026-07-02,4.14,4.23,4.49,4.99,3.82
2026-07-06,4.13,4.21,4.48,4.99,3.87
2026-07-07,4.19,4.27,4.55,5.05,3.86
2026-07-08,4.21,4.31,4.56,5.07,3.87
2026-07-09,4.16,4.27,4.54,5.06,3.83
2026-07-10,4.21,4.3,4.56,5.08,3.85
2026-07-13,4.26,4.37,4.62,5.11,3.89
2026-07-14,4.18,4.31,4.58,5.09,3.84
2026-07-15,4.13,4.26,4.55,5.07,3.83
2026-07-16,4.16,4.28,4.57,5.09,3.84
2026-07-17,4.18,4.28,4.55,5.07,3.85
2026-07-20,4.21,4.33,4.6,5.12,3.86
2026-07-21,4.26,4.37,4.63,5.14,3.87
2026-07-22,4.31,4.41,4.67,5.17,3.89
2026-07-23,4.37,4.46,4.71,5.2,3.95
2026-07-24,4.33,4.43,4.69,5.18,3.96
2026-07-27,4.31,4.4,4.65,5.15,3.96
2026-07-28,4.26,4.35,4.61,5.11,3.9
2026-07-29,4.22,4.37,4.67,5.21,3.83
2026-07-30,4.23,4.38,4.68,5.22,3.82
2026-07-31,4.28,4.45,4.75,5.28,3.83
2026-08-03,4.25,4.4,4.7,5.23,3.91
2026-08-04,4.2,4.33,4.63,5.18,3.89
2026-08-05,4.18,4.33,4.63,5.18,3.89
2026-08-06,4.25,4.4,4.69,5.22,3.9
2026-08-07,4.19,4.35,4.65,5.2,3.87
2026-08-10,4.25,4.41,4.72,5.25,3.89
2026-08-11,4.22,4.39,4.7,5.25,3.89
2026-08-12,4.2,4.38,4.68,5.24,3.87
2026-08-13,4.15,4.32,4.63,5.2,3.87
2026-08-14,4.17,4.36,4.68,5.25,3.86
2026-08-17,4.19,4.38,4.72,5.3,3.87
2026-08-18,4.19,4.37,4.71,5.28,3.86
2026-08-19,4.19,4.35,4.65,5.17,3.86
2026-08-20,4.19,4.39,4.69,5.2,3.87
2026-08-21,4.24,4.43,4.74,5.25,3.88
2026-08-24,4.24,4.41,4.7,5.21,3.87
2026-08-25,4.17,4.35,4.64,5.16,3.86
2026-08-26,4.19,4.37,4.66,5.17,3.85
2026-08-27,4.2,4.38,4.67,5.18,3.84
2026-08-28,4.34,4.48,4.73,5.21,3.9
2026-08-31,4.34,4.49,4.75,5.24,3.91
2026-09-01,4.39,4.55,4.79,5.27,3.92
2026-09-02,4.39,4.54,4.79,5.27,3.92
2026-09-03,4.34,4.52,4.77,5.25,3.89
2026-09-04,4.37,4.54,4.78,5.25,3.91
2026-09-08,4.39,4.57,4.8,5.26,3.94
2026-09-09,4.43,4.61,4.83,5.28,3.95
2026-09-10,4.56,4.75,4.95,5.39,4.0
2026-09-11,4.63,4.78,4.96,5.38,4.07
2026-09-14,4.65,4.8,4.97,5.37,4.11
2026-09-15,4.67,4.83,5.0,5.4,4.11
2026-09-16,4.74,4.86,5.01,5.39,4.14
2026-09-17,4.67,4.78,4.94,5.32,4.12
2026-09-18,4.76,4.86,5.01,5.38,4.14
