ym,ret_strategy,ret_ew,ret_bbg,ret_tbill,turnover,capped,repaired,duration,w_SHY,w_IEI,w_IEF,w_TLT,w_BIL,t_SHY,t_IEI,t_IEF,t_TLT,t_BIL,dur_ew,dur_bbg
2007-11,0.033778,0.035418,0.03069,0.003283,0.0,False,False,5.812091,0.268264,0.306866,0.23765,0.18722,0.0,0.268264,0.306866,0.23765,0.18722,0.0,6.49406,4.955498
2007-12,0.000369,5.8e-05,0.000801,0.002625,0.212568,False,False,6.652592,0.157707,0.347789,0.289539,0.204965,0.0,0.157707,0.347789,0.289539,0.204965,0.0,6.784875,5.027286
2008-01,0.02707,0.025215,0.025387,0.0028,0.294997,False,False,8.194805,0.052281,0.306861,0.307587,0.333272,0.0,0.052281,0.306861,0.307587,0.333272,0.0,6.719499,5.137785
2008-02,0.009785,0.00994,0.011396,0.001633,0.101172,False,False,8.338934,0.021794,0.297352,0.360154,0.3207,0.0,0.021794,0.297352,0.360154,0.3207,0.0,6.75775,5.179149
2008-03,0.010961,0.010436,0.006937,0.001542,0.392692,False,False,6.388885,0.07583,0.423229,0.38021,0.120731,0.0,0.07583,0.423229,0.38021,0.120731,0.0,6.945322,5.152445
2008-04,-0.022915,-0.019623,-0.017186,0.00115,0.296037,False,False,7.993056,0.030424,0.318749,0.385929,0.264897,0.0,0.030424,0.318749,0.385929,0.264897,0.0,6.908294,5.261476
2008-05,-0.016618,-0.01448,-0.011674,0.001192,0.08135,False,False,7.495164,0.071542,0.307722,0.376886,0.24385,0.0,0.071542,0.307722,0.376886,0.24385,0.0,6.774164,5.149508
2008-06,0.011614,0.010825,0.007856,0.001575,0.020805,False,False,7.378596,0.077836,0.31109,0.379596,0.231478,0.0,0.077836,0.31109,0.379596,0.231478,0.0,6.779229,5.024415
2008-07,0.001383,0.002602,0.004227,0.001583,0.291618,False,False,8.963641,0.028413,0.219328,0.372063,0.380196,0.0,0.028413,0.219328,0.372063,0.380196,0.0,6.759618,5.133822
2008-08,0.018165,0.015788,0.012493,0.0014,0.212134,False,False,7.763339,0.063748,0.291295,0.366292,0.278664,0.0,0.063748,0.291295,0.366292,0.278664,0.0,6.703294,5.062921
2008-09,0.007542,0.007731,0.006121,0.001433,0.137778,False,False,8.766414,0.051667,0.248104,0.349018,0.351211,0.0,0.051667,0.248104,0.349018,0.351211,0.0,6.935687,5.046807
2008-10,-0.006981,-0.001626,-0.001102,0.000767,0.04841,False,False,8.949437,0.04785,0.245468,0.329025,0.377658,0.0,0.04785,0.245468,0.329025,0.377658,0.0,6.900532,5.195881
2008-11,0.068039,0.068974,0.053071,0.000383,0.410438,True,False,6.658053,0.155957,0.34844,0.298819,0.196784,0.0,0.224884,0.411341,0.28005,0.083725,0.0,6.816318,5.05328
2008-12,0.061615,0.052262,0.033876,8e-06,0.212568,True,False,8.293727,0.106978,0.274105,0.325264,0.293653,0.0,0.036578,0.160818,0.366027,0.436578,0.0,7.219956,5.276241
2009-01,-0.068991,-0.046914,-0.029161,9.2e-05,0.294997,True,False,9.88999,0.074552,0.142114,0.387276,0.396058,0.0,0.055289,0.055289,0.434133,0.455289,0.0,7.337417,5.525171
2009-02,-0.010263,-0.007587,-0.00526,0.0002,0.101172,True,False,9.639655,0.059471,0.167721,0.37,0.402808,0.0,0.045686,0.179509,0.34945,0.425354,0.0,7.13597,5.241276
2009-03,0.032543,0.024445,0.021788,0.000217,0.10692,False,False,10.210789,0.06709,0.166592,0.319222,0.447097,0.0,0.06709,0.166592,0.319222,0.447097,0.0,7.323432,5.141687
2009-04,-0.04267,-0.02781,-0.018242,0.000175,0.034234,False,False,10.6273,0.060481,0.151865,0.327173,0.460481,0.0,0.060481,0.151865,0.327173,0.460481,0.0,7.452172,5.334015
2009-05,-0.022369,-0.016386,-0.010091,0.000117,0.183411,False,False,9.406568,0.088329,0.222932,0.299553,0.389186,0.0,0.088329,0.222932,0.299553,0.389186,0.0,7.302202,5.198015
2009-06,0.000286,-0.001067,-0.00212,0.000117,0.038804,False,False,9.291326,0.10987,0.224745,0.281586,0.383799,0.0,0.10987,0.224745,0.281586,0.383799,0.0,7.363179,5.066591
2009-07,0.00475,0.004359,0.004184,0.000158,0.052146,False,False,9.054206,0.134268,0.214611,0.281705,0.369417,0.0,0.134268,0.214611,0.281705,0.369417,0.0,7.347247,5.13126
2009-08,0.014203,0.011406,0.008905,0.00015,0.066625,False,False,9.434525,0.118687,0.196497,0.285319,0.399497,0.0,0.118687,0.196497,0.285319,0.399497,0.0,7.340014,5.118006
2009-09,0.014344,0.010961,0.007781,0.000125,0.015991,False,False,9.683539,0.121263,0.199749,0.276867,0.402121,0.0,0.121263,0.199749,0.276867,0.402121,0.0,7.521504,5.120272
2009-10,-0.010518,-0.00536,-0.000487,0.000117,0.124434,False,False,10.326311,0.076964,0.178891,0.30585,0.438295,0.0,0.076964,0.178891,0.30585,0.438295,0.0,7.530688,5.212683
2009-11,0.014514,0.013704,0.013923,4.2e-05,0.09863,False,False,10.609364,0.060649,0.149142,0.32956,0.460649,0.0,0.060649,0.149142,0.32956,0.460649,0.0,7.477027,5.155809
2009-12,-0.036696,-0.03497,-0.026121,5e-05,0.5,True,False,8.03985,0.214968,0.244829,0.268955,0.271248,0.0,0.271719,0.279713,0.245992,0.202575,0.0,7.640372,5.182033
2010-01,0.013364,0.01812,0.015806,5e-05,0.5,True,False,4.886618,0.271109,0.270012,0.158519,0.122624,0.177736,0.305337,0.285495,0.083832,0.025337,0.3,7.437819,5.06322
2010-02,0.00322,0.003551,0.003952,6.7e-05,0.229854,False,False,5.998281,0.321252,0.274237,0.161507,0.18253,0.060474,0.321252,0.274237,0.161507,0.18253,0.060474,7.486502,5.096585
2010-03,-0.010817,-0.012092,-0.00847,0.000108,0.133877,False,False,6.739989,0.304128,0.285357,0.19097,0.209528,0.010018,0.304128,0.285357,0.19097,0.209528,0.010018,7.568103,5.089078
2010-04,0.007526,0.015379,0.01048,0.000133,0.457407,False,False,3.81273,0.340927,0.265477,0.129578,0.05948,0.204539,0.340927,0.265477,0.129578,0.05948,0.204539,7.475532,5.08346
2010-05,0.018649,0.024863,0.017105,0.000133,0.282231,True,False,5.705501,0.304151,0.259947,0.164741,0.168053,0.103108,0.267906,0.253696,0.199883,0.278515,0.0,7.499081,5.115632
2010-06,0.021544,0.027145,0.018569,0.000133,0.038804,True,False,6.171339,0.289202,0.256198,0.172078,0.187072,0.09545,0.112723,0.207922,0.26807,0.411286,0.0,7.705289,5.174094
2010-07,0.00403,0.004407,0.00682,0.00015,0.052146,True,False,6.629897,0.268362,0.251541,0.182367,0.210636,0.087094,0.048997,0.200684,0.301322,0.448997,0.0,7.766865,5.273126
2010-08,0.029306,0.032702,0.020079,0.000125,0.066625,True,False,7.000978,0.246191,0.250302,0.194462,0.23081,0.078235,0.04662,0.222316,0.29474,0.436324,0.0,7.752492,5.262069
2010-09,-0.004005,-0.004023,0.000211,0.000117,0.015991,True,False,7.468547,0.235291,0.244872,0.198375,0.247206,0.074256,0.051642,0.165574,0.331143,0.451642,0.0,7.967733,5.383744
2010-10,-0.011623,-0.010007,-0.001579,0.000133,0.124434,True,False,8.09692,0.198171,0.237871,0.222545,0.28148,0.059932,0.040687,0.200437,0.31819,0.440687,0.0,7.915451,5.395124
2010-11,-0.008155,-0.007814,-0.006988,0.0001,0.09863,True,False,8.442156,0.167329,0.239193,0.246727,0.299045,0.047706,0.043497,0.228911,0.326883,0.400709,0.0,7.833157,5.314645
2010-12,-0.028912,-0.023383,-0.017991,0.000142,0.260247,False,False,9.827827,0.098539,0.226866,0.311172,0.363423,0.0,0.098539,0.226866,0.311172,0.363423,0.0,7.823294,5.260757
2011-01,-0.011079,-0.005953,-0.00025,0.0001,0.085139,False,False,10.110859,0.080522,0.207124,0.310712,0.401643,0.0,0.080522,0.207124,0.310712,0.401643,0.0,7.665288,5.192168
2011-02,0.002508,0.001794,-0.000743,0.000125,0.2192,False,False,8.579917,0.15197,0.249707,0.299137,0.299186,0.0,0.15197,0.249707,0.299137,0.299186,0.0,7.59161,5.154238
2011-03,-0.000241,-0.000393,-0.000608,0.000125,0.096056,False,False,9.325363,0.143658,0.211397,0.294128,0.350817,0.0,0.143658,0.211397,0.294128,0.350817,0.0,7.695203,5.173921
2011-04,0.015492,0.013453,0.011536,7.5e-05,0.076204,False,False,9.60407,0.116098,0.200614,0.314219,0.369069,0.0,0.116098,0.200614,0.314219,0.369069,0.0,7.634649,5.214183
2011-05,0.024823,0.020705,0.015616,3.3e-05,0.062527,False,False,9.280149,0.122751,0.223683,0.311323,0.342243,0.0,0.122751,0.223683,0.311323,0.342243,0.0,7.646452,5.249351
2011-06,-0.008924,-0.006941,-0.00338,5e-05,0.064776,False,False,9.198121,0.138093,0.236308,0.297238,0.328362,0.0,0.138093,0.236308,0.297238,0.328362,0.0,7.781572,5.331251
2011-07,0.023022,0.024243,0.018224,2.5e-05,0.319044,False,False,7.097673,0.248835,0.288266,0.267771,0.195128,0.0,0.248835,0.288266,0.267771,0.195128,0.0,7.704094,5.319309
2011-08,0.048433,0.042926,0.027775,8.3e-05,0.226622,False,False,8.573796,0.169588,0.248154,0.296801,0.285457,0.0,0.169588,0.248154,0.296801,0.285457,0.0,7.771082,5.404728
2011-09,0.042875,0.03557,0.017465,1.7e-05,0.032564,False,False,9.115014,0.147036,0.242607,0.311937,0.29842,0.0,0.147036,0.242607,0.311937,0.29842,0.0,8.003331,5.600103
2011-10,-0.025891,-0.014796,-0.008154,1.7e-05,0.350335,False,False,11.783509,0.069925,0.128623,0.331527,0.469925,0.0,0.069925,0.128623,0.331527,0.469925,0.0,8.068315,5.858576
2011-11,0.018256,0.011245,0.007462,8e-06,0.058449,False,False,11.644868,0.078564,0.13656,0.306312,0.478564,0.0,0.078564,0.13656,0.306312,0.478564,0.0,7.983368,5.759373
2011-12,0.022632,0.014498,0.009662,8e-06,0.026771,False,False,11.857613,0.078683,0.126885,0.315749,0.478683,0.0,0.078683,0.126885,0.315749,0.478683,0.0,8.104137,5.830899
2012-01,0.002825,0.003737,0.004229,1.7e-05,0.088447,False,False,11.986962,0.071881,0.097898,0.35834,0.471881,0.0,0.071881,0.097898,0.35834,0.471881,0.0,8.134246,5.887549
2012-02,-0.015277,-0.010171,-0.007123,5e-05,0.019011,False,False,11.998092,0.072281,0.088823,0.366615,0.472281,0.0,0.072281,0.088823,0.366615,0.472281,0.0,8.116549,5.832892
2012-03,-0.026097,-0.016362,-0.010033,6.7e-05,0.067578,False,False,11.873759,0.064807,0.123455,0.346931,0.464807,0.0,0.064807,0.123455,0.346931,0.464807,0.0,8.149062,5.708387
2012-04,0.031686,0.02153,0.014544,5.8e-05,0.058564,False,False,11.594982,0.060389,0.15193,0.327291,0.460389,0.0,0.060389,0.15193,0.327291,0.460389,0.0,8.048994,5.589114
2012-05,0.049577,0.030008,0.017143,8.3e-05,0.040436,False,False,11.799292,0.063312,0.132544,0.340833,0.463312,0.0,0.063312,0.132544,0.340833,0.463312,0.0,8.113648,5.636394
2012-06,-0.009033,-0.005623,-0.003477,5.8e-05,0.051856,False,False,12.233779,0.073575,0.106455,0.346395,0.473575,0.0,0.073575,0.106455,0.346395,0.473575,0.0,8.288207,5.740219
2012-07,0.023472,0.015273,0.010065,7.5e-05,0.01033,False,False,12.125542,0.072919,0.109989,0.344173,0.472919,0.0,0.072919,0.109989,0.344173,0.472919,0.0,8.22513,5.684724
2012-08,-0.006482,-0.003302,-0.001287,9.2e-05,0.021382,False,False,12.177239,0.076144,0.114239,0.333473,0.476144,0.0,0.076144,0.114239,0.333473,0.476144,0.0,8.238545,5.699414
2012-09,-0.011322,-0.006462,-0.003059,7.5e-05,0.135453,False,False,11.763906,0.101396,0.158072,0.282373,0.458159,0.0,0.101396,0.158072,0.282373,0.458159,0.0,8.294953,5.61202
2012-10,-0.001972,-0.001903,-0.001694,8.3e-05,0.280411,False,False,9.57096,0.175847,0.226751,0.271984,0.325419,0.0,0.175847,0.226751,0.271984,0.325419,0.0,8.237638,5.561684
2012-11,0.008909,0.007301,0.005202,9.2e-05,0.115332,False,False,10.246269,0.149723,0.195326,0.286087,0.368865,0.0,0.149723,0.195326,0.286087,0.368865,0.0,8.192085,5.495836
2012-12,-0.010564,-0.008039,-0.00435,6.7e-05,0.024647,False,False,10.214983,0.151264,0.20327,0.287271,0.358195,0.0,0.151264,0.20327,0.287271,0.358195,0.0,8.28595,5.470647
2013-01,-0.016318,-0.014803,-0.008074,4.2e-05,0.175787,False,False,8.837164,0.210856,0.234827,0.271814,0.282503,0.0,0.210856,0.234827,0.271814,0.282503,0.0,8.205266,5.41096
2013-02,0.007547,0.007611,0.005283,5.8e-05,0.10302,False,False,8.005807,0.252966,0.246788,0.252231,0.24442,0.003595,0.252966,0.246788,0.252231,0.24442,0.003595,8.099966,5.262387
2013-03,0.000484,0.000518,0.000981,9.2e-05,0.104348,False,False,8.81598,0.214137,0.234875,0.269392,0.281596,0.0,0.214137,0.234875,0.269392,0.281596,0.0,8.214638,5.243893
2013-04,0.02048,0.016502,0.00889,5.8e-05,0.13382,False,False,9.693395,0.171531,0.210613,0.283259,0.334597,0.0,0.171531,0.210613,0.283259,0.334597,0.0,8.191776,5.260921
2013-05,-0.034498,-0.028826,-0.017075,4.2e-05,0.035625,False,False,9.645935,0.184284,0.20934,0.273907,0.332469,0.0,0.184284,0.20934,0.273907,0.332469,0.0,8.222889,5.321811
2013-06,-0.012849,-0.017638,-0.011005,3.3e-05,0.5,True,False,5.770428,0.273853,0.250191,0.212759,0.1329,0.130297,0.281152,0.253382,0.207338,0.116413,0.141715,8.168415,5.150856
2013-07,-0.001735,-0.005337,-0.001089,3.3e-05,0.17749,False,False,4.659651,0.287228,0.233866,0.173795,0.094371,0.21074,0.287228,0.233866,0.173795,0.094371,0.21074,8.062062,5.087563
2013-08,-0.003873,-0.006713,-0.004859,3.3e-05,0.159557,False,False,3.472801,0.285887,0.233197,0.150114,0.03991,0.290891,0.285887,0.233197,0.150114,0.03991,0.290891,8.007879,5.023783
2013-09,0.005352,0.007539,0.006993,2.5e-05,0.032159,False,False,3.497464,0.289643,0.221762,0.143695,0.0449,0.3,0.289643,0.221762,0.143695,0.0449,0.3,8.050178,4.976326
2013-10,0.003986,0.007352,0.004824,1.7e-05,0.110222,False,False,4.159868,0.285483,0.233878,0.162871,0.071234,0.246534,0.285483,0.233878,0.162871,0.071234,0.246534,8.045167,5.017263
2013-11,-0.003837,-0.008752,-0.003271,3.3e-05,0.096892,False,False,4.683875,0.287055,0.246491,0.178386,0.090955,0.197113,0.287055,0.246491,0.178386,0.090955,0.197113,8.03417,5.021815
2013-12,-0.006971,-0.013147,-0.009071,5e-05,0.172832,False,False,3.55469,0.287213,0.238555,0.150252,0.039685,0.284295,0.287213,0.238555,0.150252,0.039685,0.284295,8.070548,4.953217
2014-01,0.009889,0.024931,0.013567,5.8e-05,0.052679,False,False,3.579533,0.286052,0.221783,0.140345,0.05182,0.3,0.286052,0.221783,0.140345,0.05182,0.3,7.968297,4.925438
2014-02,0.003327,0.004247,0.002722,1.7e-05,0.383584,False,False,6.24065,0.275809,0.236024,0.203943,0.171098,0.113126,0.275809,0.236024,0.203943,0.171098,0.113126,8.015392,5.012445
2014-03,-0.001769,-0.001576,-0.002857,4.2e-05,0.061346,False,False,6.057977,0.279092,0.228571,0.187935,0.164956,0.139447,0.279092,0.228571,0.187935,0.164956,0.139447,8.118982,5.017097
2014-04,0.00666,0.009146,0.005519,4.2e-05,0.052808,False,False,5.965655,0.277331,0.212251,0.177771,0.170964,0.161683,0.277331,0.212251,0.177771,0.170964,0.161683,8.063565,5.063642
2014-05,0.009768,0.014957,0.009418,2.5e-05,0.09326,False,False,5.306352,0.280384,0.214853,0.166545,0.138445,0.199772,0.280384,0.214853,0.166545,0.138445,0.199772,8.0505,5.092409
2014-06,-0.001783,-0.001787,-0.001424,3.3e-05,0.4582,False,False,8.707615,0.246881,0.221018,0.239701,0.2924,0.0,0.246881,0.221018,0.239701,0.2924,0.0,8.162849,5.145608
2014-07,0.000249,-0.000503,-0.001629,3.3e-05,0.121452,False,False,9.378268,0.198844,0.208551,0.260484,0.332121,0.0,0.198844,0.208551,0.260484,0.332121,0.0,8.111565,5.177413
2014-08,0.022787,0.018068,0.010549,2.5e-05,0.074659,False,False,9.874044,0.186667,0.182117,0.259993,0.371223,0.0,0.186667,0.182117,0.259993,0.371223,0.0,8.063876,5.176416
2014-09,-0.012432,-0.009071,-0.005474,2.5e-05,0.153985,False,False,11.133197,0.126429,0.159041,0.280528,0.434001,0.0,0.126429,0.159041,0.280528,0.434001,0.0,8.201031,5.255064
2014-10,0.018101,0.014387,0.009742,1.7e-05,0.083431,False,False,10.511972,0.167018,0.162828,0.261592,0.408562,0.0,0.167018,0.162828,0.261592,0.408562,0.0,8.1289,5.257346
2014-11,0.017178,0.012675,0.008064,8e-06,0.033776,False,False,10.82665,0.153334,0.15577,0.265885,0.42501,0.0,0.153334,0.15577,0.265885,0.42501,0.0,8.148,5.316274
2014-12,0.014641,0.006844,0.001424,1.7e-05,0.126075,False,False,11.739157,0.108741,0.133428,0.293884,0.463947,0.0,0.108741,0.133428,0.293884,0.463947,0.0,8.269324,5.376568
2015-01,0.060592,0.040321,0.025866,3.3e-05,0.068387,False,False,12.084163,0.077806,0.125863,0.318525,0.477806,0.0,0.077806,0.125863,0.318525,0.477806,0.0,8.2486,5.479523
2015-02,-0.036868,-0.024062,-0.015444,1.7e-05,0.032007,False,False,12.230742,0.07643,0.126923,0.320217,0.47643,0.0,0.07643,0.126923,0.320217,0.47643,0.0,8.321804,5.680867
2015-03,0.009375,0.00764,0.006308,1.7e-05,0.065684,False,False,11.806105,0.100262,0.141873,0.296885,0.460981,0.0,0.100262,0.141873,0.296885,0.460981,0.0,8.298299,5.563224
2015-04,-0.017738,-0.010315,-0.005261,2.5e-05,0.0311,False,False,11.845849,0.085699,0.156641,0.297203,0.460457,0.0,0.085699,0.156641,0.297203,0.460457,0.0,8.291086,5.637414
2015-05,-0.008238,-0.004755,-0.001801,8e-06,0.070759,False,False,11.235477,0.110611,0.171305,0.28703,0.431055,0.0,0.110611,0.171305,0.28703,0.431055,0.0,8.225102,5.57674
2015-06,-0.020907,-0.015713,-0.008827,8e-06,0.130422,False,False,10.270624,0.15455,0.195087,0.280631,0.369732,0.0,0.15455,0.195087,0.280631,0.369732,0.0,8.248479,5.546683
2015-07,0.017031,0.013867,0.008337,8e-06,0.080998,False,False,9.560403,0.183145,0.213454,0.268482,0.334919,0.0,0.183145,0.213454,0.268482,0.334919,0.0,8.160742,5.510982
2015-08,0.000824,0.000738,0.000437,6.7e-05,0.07772,False,False,10.232554,0.14918,0.20316,0.273548,0.374112,0.0,0.14918,0.20316,0.273548,0.374112,0.0,8.170796,5.605019
2015-09,0.011512,0.010637,0.008776,6.7e-05,0.125162,False,False,9.403911,0.185044,0.229654,0.26516,0.320142,0.0,0.185044,0.229654,0.26516,0.320142,0.0,8.206141,5.618642
2015-10,-0.004764,-0.004299,-0.003661,0.0,0.115803,False,False,10.235053,0.142301,0.212613,0.278413,0.366673,0.0,0.142301,0.212613,0.278413,0.366673,0.0,8.220766,5.721344
2015-11,-0.005357,-0.004872,-0.00409,6.7e-05,0.093497,False,False,9.518513,0.179141,0.223031,0.267643,0.330186,0.0,0.179141,0.223031,0.267643,0.330186,0.0,8.159899,5.718845
2015-12,-0.001645,-0.001664,-0.001638,0.000183,0.095625,False,False,8.801713,0.21315,0.237645,0.26546,0.283745,0.0,0.21315,0.237645,0.26546,0.283745,0.0,8.185339,5.729218
2016-01,0.027382,0.027512,0.021297,0.000133,0.103158,False,False,7.997249,0.23604,0.261931,0.269369,0.23266,0.0,0.23604,0.261931,0.269369,0.23266,0.0,8.13651,5.76909
2016-02,0.011955,0.013407,0.008912,0.000275,0.119375,False,False,7.37249,0.256338,0.272044,0.249353,0.199653,0.022612,0.256338,0.272044,0.249353,0.199653,0.022612,8.202372,5.912628
2016-03,0.000799,0.00097,0.001583,0.000275,0.259131,False,False,9.43152,0.17932,0.237432,0.276854,0.306394,0.0,0.17932,0.237432,0.276854,0.306394,0.0,8.342968,6.010578
2016-04,-0.002329,-0.00204,-0.001052,0.000175,0.035976,False,False,9.139601,0.195292,0.24003,0.271818,0.292859,0.0,0.195292,0.24003,0.271818,0.292859,0.0,8.308197,6.051893
2016-05,0.002169,0.001386,-2.7e-05,0.000183,0.063386,False,False,9.560985,0.180935,0.224925,0.27071,0.323431,0.0,0.180935,0.224925,0.27071,0.323431,0.0,8.263184,6.045398
2016-06,0.036778,0.029748,0.022076,0.000283,0.086841,False,False,10.313721,0.160828,0.204048,0.266022,0.369101,0.0,0.160828,0.204048,0.266022,0.369101,0.0,8.316426,6.066004
2016-07,0.010676,0.005953,0.004051,0.000217,0.218032,False,False,12.025851,0.081387,0.165865,0.294825,0.457923,0.0,0.081387,0.165865,0.294825,0.457923,0.0,8.385017,6.279343
2016-08,-0.007747,-0.006356,-0.005497,0.000233,0.040005,False,False,11.824844,0.095607,0.169013,0.284464,0.450916,0.0,0.095607,0.169013,0.284464,0.450916,0.0,8.358833,6.335411
2016-09,-0.007106,-0.003476,-0.001323,0.000275,0.036498,False,False,11.561153,0.113474,0.170282,0.279323,0.436921,0.0,0.113474,0.170282,0.279323,0.436921,0.0,8.379141,6.297099
2016-10,-0.021787,-0.015965,-0.011007,0.000242,0.098748,False,False,10.69478,0.144975,0.190709,0.276731,0.387585,0.0,0.144975,0.190709,0.276731,0.387585,0.0,8.338322,6.305985
2016-11,-0.042356,-0.03569,-0.026683,0.000283,0.0938,False,False,9.777361,0.17348,0.215307,0.273066,0.338147,0.0,0.17348,0.215307,0.273066,0.338147,0.0,8.248111,6.191233
2016-12,-0.001982,-0.001924,-0.001055,0.0004,0.182995,False,False,8.326475,0.245857,0.246101,0.247133,0.260908,0.0,0.245857,0.246101,0.247133,0.260908,0.0,8.174609,5.977264
2017-01,0.002232,0.002217,0.002261,0.000425,0.011948,False,False,8.190008,0.249438,0.249472,0.245195,0.255895,0.0,0.249438,0.249472,0.245195,0.255895,0.0,8.123216,5.997182
2017-02,0.005551,0.006991,0.004935,0.000433,0.25805,False,False,6.438487,0.262648,0.23407,0.207991,0.179803,0.115487,0.262648,0.23407,0.207991,0.179803,0.115487,8.084989,5.99501
2017-03,-0.00051,-0.001098,-0.000457,0.000442,0.086109,False,False,5.967656,0.266688,0.230022,0.193768,0.156784,0.152737,0.266688,0.230022,0.193768,0.156784,0.152737,8.176052,6.024864
2017-04,0.006345,0.008578,0.006947,0.000633,0.032874,False,False,5.718929,0.264277,0.22767,0.196813,0.144761,0.166479,0.264277,0.22767,0.196813,0.144761,0.166479,8.126356,6.037639
2017-05,0.007163,0.008901,0.006527,0.000667,0.125139,False,False,6.53582,0.258931,0.238198,0.216129,0.179777,0.106966,0.258931,0.238198,0.216129,0.179777,0.106966,8.118172,6.066662
2017-06,-0.001508,-0.001393,-0.001619,0.000817,0.055806,False,False,6.858129,0.258848,0.249052,0.227976,0.185751,0.078373,0.258848,0.249052,0.227976,0.185751,0.078373,8.205511,6.097903
2017-07,0.001506,0.000598,0.001667,0.000858,0.346843,False,False,4.631038,0.257918,0.220106,0.171905,0.098093,0.251977,0.257918,0.220106,0.171905,0.098093,0.251977,8.144233,6.120916
2017-08,0.007221,0.014913,0.010825,0.000892,0.065756,False,False,4.045588,0.262478,0.227256,0.171139,0.065506,0.27362,0.262478,0.227256,0.171139,0.065506,0.27362,8.104334,6.08799
2017-09,-0.008007,-0.01146,-0.008571,0.000842,0.234208,False,False,5.651546,0.262786,0.245882,0.206712,0.129824,0.154797,0.262786,0.245882,0.206712,0.129824,0.154797,8.211836,6.159469
2017-10,-0.000815,-0.001229,-0.00121,0.000883,0.108425,False,False,5.173505,0.259823,0.225657,0.181473,0.122657,0.21039,0.259823,0.225657,0.181473,0.122657,0.21039,8.125613,6.11624
2017-11,-0.000503,-0.000324,-0.001376,0.000958,0.163464,False,False,6.3624,0.251979,0.224601,0.204462,0.181237,0.137721,0.251979,0.224601,0.204462,0.181237,0.137721,8.07365,6.095263
2017-12,0.00602,0.004944,0.003088,0.001058,0.361083,False,False,9.056936,0.211263,0.221475,0.258474,0.308788,0.0,0.211263,0.221475,0.258474,0.308788,0.0,8.124232,6.088139
2018-01,-0.019987,-0.017527,-0.013584,0.001158,0.060173,False,False,9.487381,0.192448,0.207587,0.261125,0.338841,0.0,0.192448,0.207587,0.261125,0.338841,0.0,8.087894,6.153905
2018-02,-0.011854,-0.011152,-0.007534,0.001217,0.150954,False,False,8.244388,0.225601,0.212625,0.236333,0.2832,0.042241,0.225601,0.212625,0.236333,0.2832,0.042241,7.969782,6.036715
2018-03,0.010896,0.012873,0.00943,0.001375,0.207014,False,False,6.692965,0.238657,0.21564,0.20565,0.205499,0.134555,0.238657,0.21564,0.20565,0.205499,0.134555,8.005646,5.951009
2018-04,-0.009981,-0.010308,-0.0081,0.001442,0.157177,False,False,7.960349,0.227558,0.214839,0.223846,0.270079,0.063678,0.227558,0.214839,0.223846,0.270079,0.063678,8.002922,6.063286
2018-05,0.009134,0.011047,0.008978,0.001558,0.240772,False,False,6.326971,0.236371,0.199316,0.183243,0.203201,0.17787,0.236371,0.199316,0.183243,0.203201,0.17787,7.91218,5.981095
2018-06,0.000631,0.000443,0.000207,0.001608,0.023987,False,False,6.535117,0.23869,0.201566,0.186688,0.208514,0.164541,0.23869,0.201566,0.186688,0.208514,0.164541,8.002892,6.006119
2018-07,-0.004818,-0.006134,-0.004184,0.001608,0.03677,False,False,6.601069,0.236286,0.208023,0.198303,0.208091,0.149297,0.236286,0.208023,0.198303,0.208091,0.149297,7.954592,6.031915
2018-08,0.007584,0.009344,0.00765,0.001692,0.084743,False,False,6.101284,0.233905,0.197854,0.183177,0.192431,0.192633,0.233905,0.197854,0.183177,0.192431,0.192633,7.881958,5.962363
2018-09,-0.008615,-0.013146,-0.009337,0.001758,0.087276,False,False,5.555487,0.238859,0.199173,0.172972,0.161253,0.227743,0.238859,0.199173,0.172972,0.161253,0.227743,7.974619,5.984308
2018-10,-0.004766,-0.008385,-0.004777,0.001825,0.013126,False,False,5.446895,0.237391,0.201346,0.176858,0.156448,0.227956,0.237391,0.201346,0.176858,0.156448,0.227956,7.885002,5.926445
2018-11,0.007639,0.010968,0.008876,0.00195,0.071132,False,False,4.801265,0.241804,0.208426,0.172008,0.121698,0.256063,0.241804,0.208426,0.172008,0.121698,0.256063,7.817939,5.82982
2018-12,0.019434,0.027384,0.021516,0.001975,0.119397,False,False,5.384063,0.248011,0.227152,0.193303,0.136615,0.194919,0.248011,0.227152,0.193303,0.136615,0.194919,7.917921,5.858487
2019-01,0.004824,0.005169,0.004708,0.002042,0.227526,False,False,6.765008,0.25141,0.250091,0.229532,0.19115,0.077818,0.25141,0.250091,0.229532,0.19115,0.077818,7.96678,6.028982
2019-02,-0.004384,-0.004224,-0.002711,0.002008,0.212321,False,False,8.136205,0.22227,0.254151,0.268642,0.254937,0.0,0.22227,0.254151,0.268642,0.254937,0.0,7.942291,6.028434
2019-03,0.02616,0.024754,0.01909,0.002042,0.040802,False,False,8.454435,0.212766,0.246629,0.267366,0.273239,0.0,0.212766,0.246629,0.267366,0.273239,0.0,7.994064,5.977932
2019-04,-0.006284,-0.005202,-0.002773,0.002,0.048512,False,False,8.883431,0.192118,0.236042,0.276217,0.295623,0.0,0.192118,0.236042,0.276217,0.295623,0.0,8.033618,6.150084
2019-05,0.033678,0.030493,0.023501,0.002025,0.015929,False,False,8.811398,0.185755,0.239552,0.282321,0.292372,0.0,0.185755,0.239552,0.282321,0.292372,0.0,7.977388,6.0794
2019-06,0.011058,0.010129,0.009229,0.001958,0.109055,False,False,9.891202,0.145465,0.216801,0.288936,0.348798,0.0,0.145465,0.216801,0.288936,0.348798,0.0,8.12924,6.238859
2019-07,-0.000396,-0.000766,-0.001179,0.001767,0.024913,False,False,10.031471,0.1335,0.215101,0.297636,0.353764,0.0,0.1335,0.215101,0.297636,0.353764,0.0,8.134765,6.315182
2019-08,0.058731,0.044498,0.033997,0.001733,0.060692,False,False,10.43024,0.116201,0.20147,0.299567,0.382762,0.0,0.116201,0.20147,0.299567,0.382762,0.0,8.088105,6.29717
2019-09,-0.016752,-0.011201,-0.00846,0.001658,0.166778,False,False,11.999273,0.058671,0.16301,0.319647,0.458671,0.0,0.058671,0.16301,0.319647,0.458671,0.0,8.27592,6.571561
2019-10,-0.003151,-0.000484,0.000682,0.001567,0.011124,False,False,11.885527,0.058728,0.165717,0.316828,0.458728,0.0,0.058728,0.165717,0.316828,0.458728,0.0,8.206262,6.530496
2019-11,-0.00492,-0.003834,-0.003008,0.001283,0.015188,False,False,11.873333,0.060946,0.159106,0.319002,0.460946,0.0,0.060946,0.159106,0.319002,0.460946,0.0,8.174278,6.486976
2019-12,-0.015404,-0.008802,-0.005614,0.001325,0.042368,False,False,11.759933,0.077336,0.164419,0.302191,0.456053,0.0,0.077336,0.164419,0.302191,0.456053,0.0,8.219676,6.451534
2020-01,0.039288,0.031281,0.024437,0.001292,0.204483,False,False,10.203476,0.146998,0.200791,0.283374,0.368836,0.0,0.146998,0.200791,0.283374,0.368836,0.0,8.16073,6.412225
2020-02,0.044017,0.031811,0.026507,0.001292,0.171524,False,False,11.686524,0.08727,0.165734,0.295079,0.451917,0.0,0.08727,0.165734,0.295079,0.451917,0.0,8.221307,6.599439
2020-03,0.049152,0.036396,0.028924,0.001058,0.068577,False,False,12.330813,0.067369,0.144433,0.32083,0.467369,0.0,0.067369,0.144433,0.32083,0.467369,0.0,8.406987,6.794033
2020-04,0.007339,0.004769,0.006361,9.2e-05,0.027819,False,False,12.48669,0.064039,0.147248,0.324674,0.464039,0.0,0.064039,0.147248,0.324674,0.464039,0.0,8.500617,7.038565
2020-05,-0.008927,-0.004115,-0.002534,7.5e-05,0.036508,False,False,12.624822,0.069815,0.128202,0.332168,0.469815,0.0,0.069815,0.128202,0.332168,0.469815,0.0,8.51848,7.003613
2020-06,0.001309,0.001025,0.000936,0.000117,0.070917,False,False,12.560624,0.058256,0.165123,0.318365,0.458256,0.0,0.058256,0.165123,0.318365,0.458256,0.0,8.609217,7.000844
2020-07,0.023367,0.014234,0.011427,0.000133,0.027899,False,False,12.44805,0.069309,0.167965,0.306333,0.456393,0.0,0.069309,0.167965,0.306333,0.456393,0.0,8.594106,7.067095
2020-08,-0.024212,-0.014107,-0.010953,7.5e-05,0.014273,False,False,12.625009,0.065488,0.160041,0.308982,0.465488,0.0,0.065488,0.160041,0.308982,0.465488,0.0,8.597348,7.191361
2020-09,0.002603,0.002115,0.001385,9.2e-05,0.305452,False,False,10.33715,0.157862,0.225642,0.280511,0.335985,0.0,0.157862,0.225642,0.280511,0.335985,0.0,8.657123,7.05555
2020-10,-0.016519,-0.012349,-0.009427,8.3e-05,0.098733,False,False,11.073757,0.126572,0.206728,0.290514,0.376185,0.0,0.126572,0.206728,0.290514,0.376185,0.0,8.651624,7.144782
2020-11,0.005611,0.004363,0.003481,7.5e-05,0.067422,False,False,10.470241,0.150848,0.220709,0.280192,0.348251,0.0,0.150848,0.220709,0.280192,0.348251,0.0,8.597622,7.041873
2020-12,-0.005311,-0.003538,-0.002315,6.7e-05,0.062482,False,False,11.113211,0.128231,0.210414,0.284525,0.37683,0.0,0.128231,0.210414,0.284525,0.37683,0.0,8.704914,7.094439
2021-01,-0.01845,-0.012645,-0.009565,7.5e-05,0.052251,False,False,11.465629,0.114022,0.204595,0.28117,0.400214,0.0,0.114022,0.204595,0.28117,0.400214,0.0,8.678789,7.131386
2021-02,-0.024199,-0.023518,-0.018147,5e-05,0.317387,False,False,8.812345,0.217313,0.26542,0.26405,0.253216,0.0,0.217313,0.26542,0.26405,0.253216,0.0,8.62792,7.005044
2021-03,-0.011774,-0.02095,-0.015416,3.3e-05,0.413398,False,False,5.343089,0.302143,0.290067,0.223163,0.078675,0.105951,0.302143,0.290067,0.223163,0.078675,0.105951,8.658045,6.834611
2021-04,0.003337,0.009911,0.0075,2.5e-05,0.385566,False,False,3.339265,0.291004,0.246961,0.136832,0.025204,0.3,0.291004,0.246961,0.136832,0.025204,0.3,8.567293,6.719042
2021-05,0.001442,0.001979,0.003447,8e-06,0.007952,False,False,3.363337,0.28634,0.248465,0.13962,0.025575,0.3,0.28634,0.248465,0.13962,0.025575,0.3,8.577859,6.775526
2021-06,0.002263,0.012858,0.006426,8e-06,0.028045,False,False,3.561023,0.27825,0.242643,0.146431,0.032836,0.29984,0.27825,0.242643,0.146431,0.032836,0.29984,8.674318,6.793005
2021-07,0.008455,0.016992,0.013608,4.2e-05,0.100814,False,False,4.322842,0.278024,0.236913,0.16608,0.065303,0.25368,0.278024,0.236913,0.16608,0.065303,0.25368,8.669388,6.934406
2021-08,-0.001431,-0.002209,-0.001753,5e-05,0.049076,False,False,4.275206,0.278488,0.24581,0.181532,0.054552,0.239617,0.278488,0.24581,0.181532,0.054552,0.239617,8.694216,7.043787
2021-09,-0.008901,-0.013794,-0.010837,3.3e-05,0.148922,False,False,5.648901,0.276688,0.2401,0.192567,0.117495,0.17315,0.276688,0.2401,0.192567,0.117495,0.17315,8.774552,7.032839
2021-10,-0.001751,0.001801,-0.000705,3.3e-05,0.158998,False,False,4.51771,0.276254,0.228892,0.163002,0.077641,0.25421,0.276254,0.228892,0.163002,0.077641,0.25421,8.698894,6.977835
2021-11,0.006666,0.010696,0.007655,4.2e-05,0.162567,False,False,5.804954,0.267716,0.215436,0.183038,0.140372,0.193438,0.267716,0.215436,0.183038,0.140372,0.193438,8.641522,7.011868
2021-12,-0.005448,-0.007702,-0.005134,4.2e-05,0.048709,False,False,6.296253,0.265588,0.21499,0.193974,0.15738,0.168068,0.265588,0.21499,0.193974,0.15738,0.168068,8.74259,7.088537
2022-01,-0.015206,-0.020462,-0.018944,5e-05,0.034923,False,False,6.254407,0.257851,0.206503,0.197345,0.158506,0.179795,0.257851,0.206503,0.197345,0.158506,0.179795,8.694132,7.074291
2022-02,-0.005484,-0.00746,-0.006589,0.000183,0.08533,False,False,6.179771,0.243627,0.187949,0.18841,0.168661,0.211352,0.243627,0.187949,0.18841,0.168661,0.211352,8.571953,6.912215
2022-03,-0.032097,-0.03495,-0.031136,0.000292,0.260703,False,False,8.231414,0.221332,0.190356,0.225827,0.257646,0.104837,0.221332,0.190356,0.225827,0.257646,0.104837,8.619788,6.866846
2022-04,-0.034976,-0.040203,-0.03098,0.000433,0.169179,False,False,7.299891,0.20507,0.158916,0.207387,0.235692,0.192935,0.20507,0.158916,0.207387,0.235692,0.192935,8.429683,6.704392
2022-05,0.001435,-0.000697,0.001827,0.000708,0.29912,False,False,4.70544,0.246905,0.175573,0.163127,0.114396,0.3,0.246905,0.175573,0.163127,0.114396,0.3,8.25803,6.41447
2022-06,-0.005693,-0.00955,-0.008797,0.000967,0.054098,False,False,4.289812,0.261719,0.187597,0.166072,0.084612,0.3,0.261719,0.187597,0.166072,0.084612,0.3,8.308938,6.354186
2022-07,0.011143,0.019256,0.015941,0.001433,0.099619,False,False,3.56707,0.286503,0.212009,0.159113,0.042375,0.3,0.286503,0.212009,0.159113,0.042375,0.3,8.210497,6.330529
2022-08,-0.015418,-0.029725,-0.024809,0.002008,0.02347,False,False,3.472624,0.282048,0.217432,0.166789,0.033731,0.3,0.282048,0.217432,0.166789,0.033731,0.3,8.242072,6.411816
2022-09,-0.018507,-0.04245,-0.034536,0.002467,0.05016,False,False,3.258467,0.305718,0.218525,0.147496,0.028261,0.3,0.305718,0.218525,0.147496,0.028261,0.3,8.146485,6.239282
2022-10,-0.004573,-0.021073,-0.013937,0.002775,0.026156,False,False,3.151662,0.307725,0.227906,0.136644,0.027725,0.3,0.307725,0.227906,0.136644,0.027725,0.3,7.916321,6.022518
2022-11,0.014638,0.034322,0.026778,0.003517,0.047326,False,False,3.01434,0.300369,0.25135,0.127912,0.020369,0.3,0.300369,0.25135,0.127912,0.020369,0.3,7.79538,5.863045
2022-12,-0.002252,-0.011406,-0.005182,0.003642,0.01519,False,False,3.057831,0.300568,0.246602,0.132262,0.020568,0.3,0.300568,0.246602,0.132262,0.020568,0.3,7.949734,6.033485
2023-01,0.014912,0.035634,0.02506,0.003683,0.014665,False,False,3.030028,0.302811,0.24922,0.125158,0.022811,0.3,0.302811,0.24922,0.125158,0.022811,0.3,7.855878,6.016036
2023-02,-0.012464,-0.027882,-0.023399,0.003917,0.053523,False,False,3.221888,0.289905,0.23475,0.14485,0.030494,0.3,0.289905,0.23475,0.14485,0.030494,0.3,7.910038,6.178254
2023-03,0.019012,0.032399,0.028945,0.004067,0.036669,False,False,3.092603,0.308105,0.233971,0.12982,0.028105,0.3,0.308105,0.233971,0.12982,0.028105,0.3,7.829339,6.017523
2023-04,0.004974,0.005447,0.005359,0.004042,0.097287,False,False,3.540563,0.264116,0.230629,0.159532,0.045723,0.3,0.264116,0.230629,0.159532,0.045723,0.3,7.910927,6.201839
2023-05,-0.008922,-0.01418,-0.01161,0.00425,0.262572,False,False,5.279993,0.243215,0.238284,0.202985,0.126813,0.188703,0.243215,0.238284,0.202985,0.126813,0.188703,7.882198,6.209115
2023-06,-0.004622,-0.007144,-0.007509,0.0046,0.13994,False,False,4.867284,0.228096,0.21337,0.173283,0.12407,0.261181,0.228096,0.21337,0.173283,0.12407,0.261181,7.868034,6.107431
2023-07,-0.002141,-0.006592,-0.00354,0.004525,0.050847,False,False,4.864453,0.223663,0.196453,0.165999,0.135264,0.278621,0.223663,0.196453,0.165999,0.135264,0.278621,7.767445,6.121348
2023-08,-0.001786,-0.008934,-0.005182,0.004625,0.126836,False,False,4.045725,0.259528,0.206322,0.138365,0.095785,0.3,0.259528,0.206322,0.138365,0.095785,0.3,7.691132,6.04578
2023-09,-0.013821,-0.030941,-0.022094,0.004633,0.043172,False,False,4.172157,0.241329,0.209902,0.151197,0.097572,0.3,0.241329,0.209902,0.151197,0.097572,0.3,7.710883,5.950797
2023-10,-0.007583,-0.018945,-0.012083,0.004625,0.099463,False,False,4.257594,0.253677,0.230721,0.165831,0.093888,0.255882,0.253677,0.230721,0.165831,0.093888,0.255882,7.543311,5.787475
2023-11,0.027686,0.044998,0.03473,0.004658,0.044629,False,False,4.394768,0.259271,0.226732,0.160321,0.108987,0.244688,0.259271,0.226732,0.160321,0.108987,0.244688,7.411704,5.636282
2023-12,0.025139,0.039715,0.03365,0.004542,0.031552,False,False,4.573706,0.264247,0.228313,0.167486,0.109249,0.230706,0.264247,0.228313,0.167486,0.109249,0.230706,7.617496,5.847851
2024-01,-0.003397,-0.00389,-0.002806,0.0045,0.411215,False,False,7.33068,0.252059,0.249218,0.235573,0.234121,0.029028,0.252059,0.249218,0.235573,0.234121,0.029028,7.709861,6.107855
2024-02,-0.010351,-0.015237,-0.013119,0.004517,0.326582,False,False,5.109266,0.267178,0.236321,0.187493,0.129743,0.179265,0.267178,0.236321,0.187493,0.129743,0.179265,7.645158,6.033348
2024-03,0.0052,0.005733,0.006426,0.004542,0.105615,False,False,5.700182,0.268292,0.245316,0.199545,0.157216,0.129631,0.268292,0.245316,0.199545,0.157216,0.129631,7.625112,5.931307
2024-04,-0.016277,-0.028702,-0.023274,0.00455,0.231789,False,False,4.685312,0.253912,0.215369,0.160594,0.124684,0.245441,0.253912,0.215369,0.160594,0.124684,0.245441,7.596241,5.985827
2024-05,0.010644,0.016728,0.014568,0.00455,0.137084,False,False,3.641587,0.276421,0.211822,0.135804,0.075953,0.3,0.276421,0.211822,0.135804,0.075953,0.3,7.421246,5.773858
2024-06,0.008531,0.011235,0.010085,0.00455,0.102743,False,False,4.415077,0.257423,0.206706,0.147447,0.118059,0.270365,0.257423,0.206706,0.147447,0.118059,0.270365,7.527674,5.817514
2024-07,0.019233,0.024573,0.021879,0.004567,0.195494,False,False,5.084652,0.273813,0.243101,0.176189,0.135346,0.171551,0.273813,0.243101,0.176189,0.135346,0.171551,7.509142,5.876634
2024-08,0.013043,0.014148,0.012792,0.004508,0.231336,False,False,6.479177,0.271765,0.260033,0.22104,0.193729,0.053433,0.271765,0.260033,0.22104,0.193729,0.053433,7.550921,5.947226
2024-09,0.012663,0.012642,0.012023,0.004342,0.156966,False,False,7.692883,0.249637,0.255163,0.23931,0.255889,0.0,0.249637,0.255163,0.23931,0.255889,0.0,7.648314,5.96884
2024-10,-0.033342,-0.02882,-0.023811,0.003942,0.226027,False,False,9.147383,0.175282,0.214814,0.260106,0.349797,0.0,0.175282,0.214814,0.260106,0.349797,0.0,7.656952,6.046374
2024-11,0.010751,0.009266,0.007772,0.003867,0.021925,False,False,8.846962,0.185995,0.209598,0.256973,0.347435,0.0,0.185995,0.209598,0.256973,0.347435,0.0,7.47472,5.854341
2024-12,-0.025341,-0.022616,-0.015408,0.003817,0.132664,False,False,8.192132,0.232289,0.227164,0.240284,0.300263,0.0,0.232289,0.227164,0.240284,0.300263,0.0,7.552224,5.873394
2025-01,0.004909,0.005331,0.005174,0.003642,0.5,True,False,4.658775,0.268841,0.221696,0.16647,0.122982,0.220012,0.269279,0.221558,0.165381,0.120556,0.223225,7.417098,5.741139
2025-02,0.019356,0.026997,0.021559,0.003592,0.072223,False,False,5.059795,0.270253,0.226105,0.176814,0.143204,0.183624,0.270253,0.226105,0.176814,0.143204,0.183624,7.381758,5.728984
2025-03,0.000585,0.000352,0.002296,0.0036,0.361032,False,False,7.294495,0.264317,0.256338,0.238988,0.237446,0.002912,0.264317,0.256338,0.238988,0.237446,0.002912,7.528487,5.848193
2025-04,0.005083,0.004112,0.006334,0.0036,0.061442,False,False,6.75654,0.271834,0.264682,0.238345,0.204945,0.020194,0.271834,0.264682,0.238345,0.204945,0.020194,7.481764,5.85054
2025-05,-0.013245,-0.013219,-0.010282,0.003592,0.134241,False,False,7.468044,0.226386,0.266024,0.264124,0.243465,0.0,0.226386,0.266024,0.264124,0.243465,0.0,7.450255,5.815531
2025-06,0.013752,0.014848,0.012544,0.003633,0.129208,False,False,6.621262,0.273748,0.287362,0.253116,0.185775,0.0,0.273748,0.287362,0.253116,0.185775,0.0,7.440834,5.714988
2025-07,-0.004682,-0.005137,-0.003921,0.003675,0.009176,False,False,6.689406,0.270334,0.283336,0.255846,0.190484,0.0,0.270334,0.283336,0.255846,0.190484,0.0,7.441207,5.79967
2025-08,0.00974,0.00948,0.010554,0.003675,0.194748,False,False,5.651845,0.273046,0.260362,0.2176,0.153248,0.095744,0.273046,0.260362,0.2176,0.153248,0.095744,7.361183,5.74713
2025-09,0.007701,0.011972,0.008471,0.003525,0.059227,False,False,5.278438,0.27619,0.267468,0.216811,0.124189,0.115341,0.27619,0.267468,0.216811,0.124189,0.115341,7.454454,5.741206
2025-10,0.005897,0.007122,0.006171,0.00335,0.045678,False,False,5.487311,0.267772,0.251912,0.214907,0.143848,0.121562,0.267772,0.251912,0.214907,0.143848,0.121562,7.438269,5.834986
2025-11,0.006135,0.005949,0.006178,0.003242,0.286879,False,False,7.126297,0.244885,0.269019,0.26357,0.222526,0.0,0.244885,0.269019,0.26357,0.222526,0.0,7.408308,5.839484
2025-12,-0.006614,-0.007765,-0.003303,0.003233,0.047398,False,False,6.89416,0.255619,0.27773,0.268672,0.197979,0.0,0.255619,0.27773,0.268672,0.197979,0.0,7.488458,5.835408
2026-01,-0.000411,-0.000311,-0.000924,0.003058,0.103147,False,False,7.389756,0.224248,0.261469,0.278353,0.23593,0.0,0.224248,0.261469,0.278353,0.23593,0.0,7.416728,5.809066
2026-02,0.022694,0.022537,0.018178,0.003058,0.016973,False,False,7.358844,0.227675,0.260216,0.270712,0.241397,0.0,0.227675,0.260216,0.270712,0.241397,0.0,7.349752,5.766265
2026-03,-0.020818,-0.02106,-0.017365,0.003058,0.038314,False,False,7.319481,0.233843,0.265799,0.272789,0.227569,0.0,0.233843,0.265799,0.272789,0.227569,0.0,7.488343,5.864806
2026-04,-0.001413,-0.001955,-0.000735,0.003083,0.106335,False,False,6.59569,0.253957,0.257168,0.250815,0.201149,0.03691,0.253957,0.257168,0.250815,0.201149,0.03691,7.336454,5.752187
2026-05,0.001074,0.001021,0.001114,0.003067,0.098801,False,False,6.383902,0.248024,0.233077,0.232723,0.206385,0.079792,0.248024,0.233077,0.232723,0.206385,0.079792,7.275703,5.711504
2026-06,0.004157,0.003998,0.002834,0.003075,0.15014,False,False,7.424377,0.241791,0.231166,0.253252,0.261382,0.012409,0.241791,0.231166,0.253252,0.261382,0.012409,7.316623,5.69651
2026-07,-0.015158,-0.01586,-0.011136,0.003225,0.090189,False,False,6.967031,0.23998,0.220581,0.235502,0.246447,0.05749,0.23998,0.220581,0.235502,0.246447,0.05749,7.270613,5.73927
2026-08,0.002897,0.003044,,0.003192,0.130368,False,False,5.932001,0.255978,0.225686,0.217359,0.192182,0.108794,0.255978,0.225686,0.217359,0.192182,0.108794,7.14904,5.608102
